RCam S2-B3.1 native GPU: AdapterInfo { name: "Apple M1", vendor: 0, device: 0, device_type: IntegratedGpu, driver: "", driver_info: "", backend: Metal }
render_frame interval_ms=155.231209 canvas_physical=-infx-inf selected=0 preview=false revision=none
render_frame interval_ms=365.949000 canvas_physical=1700x1470 selected=0 preview=false revision=none
render_frame interval_ms=19.356166 canvas_physical=1700x1470 selected=0 preview=false revision=none
render_frame interval_ms=0.828834 canvas_physical=1700x1470 selected=0 preview=false revision=none
render_frame interval_ms=8331.659583 canvas_physical=1700x1470 selected=0 preview=false revision=none
render_frame interval_ms=1.393375 canvas_physical=1700x1470 selected=0 preview=false revision=none
render_frame interval_ms=0.617083 canvas_physical=1700x1470 selected=0 preview=false revision=none
render_frame interval_ms=6.153459 canvas_physical=1700x1470 selected=0 preview=false revision=none
render_frame interval_ms=14.200166 canvas_physical=1700x1470 selected=0 preview=false revision=none
render_frame interval_ms=6.287084 canvas_physical=1700x1470 selected=0 preview=false revision=none
render_frame interval_ms=6.903291 canvas_physical=1700x1470 selected=0 preview=false revision=none
render_frame interval_ms=6.649792 canvas_physical=1700x1470 selected=0 preview=false revision=none
render_frame interval_ms=6.837292 canvas_physical=1700x1470 selected=0 preview=false revision=none
render_frame interval_ms=7.004208 canvas_physical=1700x1470 selected=0 preview=false revision=none
render_frame interval_ms=6.875667 canvas_physical=1700x1470 selected=0 preview=false revision=none
render_frame interval_ms=6.861333 canvas_physical=1700x1470 selected=0 preview=false revision=none
render_frame interval_ms=6.990583 canvas_physical=1700x1470 selected=0 preview=false revision=none
render_frame interval_ms=6.901292 canvas_physical=1700x1470 selected=0 preview=false revision=none
render_frame interval_ms=9.159500 canvas_physical=1700x1470 selected=0 preview=false revision=none
render_frame interval_ms=4.871375 canvas_physical=1700x1470 selected=0 preview=false revision=none
render_frame interval_ms=6.852625 canvas_physical=1700x1470 selected=0 preview=false revision=none
render_frame interval_ms=6.892333 canvas_physical=1700x1470 selected=0 preview=false revision=none
render_frame interval_ms=6.952334 canvas_physical=1700x1470 selected=0 preview=false revision=none
render_frame interval_ms=6.913916 canvas_physical=1700x1470 selected=0 preview=false revision=none
render_frame interval_ms=6.944750 canvas_physical=1700x1470 selected=0 preview=false revision=none
render_frame interval_ms=6.954000 canvas_physical=1700x1470 selected=0 preview=false revision=none
render_frame interval_ms=6.995459 canvas_physical=1700x1470 selected=0 preview=false revision=none
render_frame interval_ms=6.926166 canvas_physical=1700x1470 selected=0 preview=false revision=none
render_frame interval_ms=6.917417 canvas_physical=1700x1470 selected=0 preview=false revision=none
render_frame interval_ms=6.965625 canvas_physical=1700x1470 selected=0 preview=false revision=none
render_frame interval_ms=6.979042 canvas_physical=1700x1470 selected=0 preview=false revision=none
render_frame interval_ms=6.944875 canvas_physical=1700x1470 selected=0 preview=false revision=none
render_frame interval_ms=6.905916 canvas_physical=1700x1470 selected=0 preview=false revision=none
render_frame interval_ms=6.793292 canvas_physical=1700x1470 selected=0 preview=false revision=none
render_frame interval_ms=7.109500 canvas_physical=1700x1470 selected=0 preview=false revision=none
render_frame interval_ms=6.949750 canvas_physical=1700x1470 selected=0 preview=false revision=none
render_frame interval_ms=7.006333 canvas_physical=1700x1470 selected=0 preview=false revision=none
render_frame interval_ms=6.832625 canvas_physical=1700x1470 selected=0 preview=false revision=none
render_frame interval_ms=6.979167 canvas_physical=1700x1470 selected=0 preview=false revision=none
render_frame interval_ms=6.911583 canvas_physical=1700x1470 selected=0 preview=false revision=none
render_frame interval_ms=6.997792 canvas_physical=1700x1470 selected=0 preview=false revision=none
render_frame interval_ms=6.901625 canvas_physical=1700x1470 selected=0 preview=false revision=none
render_frame interval_ms=6.923750 canvas_physical=1700x1470 selected=0 preview=false revision=none
render_frame interval_ms=61.931500 canvas_physical=1700x1470 selected=0 preview=false revision=none
render_frame interval_ms=0.494250 canvas_physical=1700x1470 selected=0 preview=false revision=none
render_frame interval_ms=0.269042 canvas_physical=1700x1470 selected=0 preview=false revision=none
render_frame interval_ms=7.176833 canvas_physical=1700x1470 selected=0 preview=false revision=none
render_frame interval_ms=6.652167 canvas_physical=1700x1470 selected=0 preview=false revision=none
render_frame interval_ms=6.834041 canvas_physical=1700x1470 selected=0 preview=false revision=none
render_frame interval_ms=6.915500 canvas_physical=1700x1470 selected=0 preview=false revision=none
render_frame interval_ms=6.983542 canvas_physical=1700x1470 selected=0 preview=false revision=none
render_frame interval_ms=7.204625 canvas_physical=1700x1470 selected=0 preview=false revision=none
render_frame interval_ms=7.068583 canvas_physical=1700x1470 selected=0 preview=false revision=none
render_frame interval_ms=6.563459 canvas_physical=1700x1470 selected=0 preview=false revision=none
render_frame interval_ms=6.916708 canvas_physical=1700x1470 selected=0 preview=false revision=none
render_frame interval_ms=6.946125 canvas_physical=1700x1470 selected=0 preview=false revision=none
render_frame interval_ms=6.932500 canvas_physical=1700x1470 selected=0 preview=false revision=none
render_frame interval_ms=7.466250 canvas_physical=1700x1470 selected=0 preview=false revision=none
render_frame interval_ms=6.452208 canvas_physical=1700x1470 selected=0 preview=false revision=none
render_frame interval_ms=6.915125 canvas_physical=1700x1470 selected=0 preview=false revision=none
render_frame interval_ms=6.951417 canvas_physical=1700x1470 selected=0 preview=false revision=none
render_frame interval_ms=7.356458 canvas_physical=1700x1470 selected=0 preview=false revision=none
render_frame interval_ms=6.553042 canvas_physical=1700x1470 selected=0 preview=false revision=none
render_frame interval_ms=6.907375 canvas_physical=1700x1470 selected=0 preview=false revision=none
render_frame interval_ms=6.900833 canvas_physical=1700x1470 selected=0 preview=false revision=none
render_frame interval_ms=7.016292 canvas_physical=1700x1470 selected=0 preview=false revision=none
render_frame interval_ms=7.068208 canvas_physical=1700x1470 selected=0 preview=false revision=none
render_frame interval_ms=6.882167 canvas_physical=1700x1470 selected=0 preview=false revision=none
render_frame interval_ms=6.907417 canvas_physical=1700x1470 selected=0 preview=false revision=none
render_frame interval_ms=7.435750 canvas_physical=1700x1470 selected=0 preview=false revision=none
render_frame interval_ms=6.462625 canvas_physical=1700x1470 selected=0 preview=false revision=none
render_frame interval_ms=7.295750 canvas_physical=1700x1470 selected=0 preview=false revision=none
render_frame interval_ms=6.973958 canvas_physical=1700x1470 selected=0 preview=false revision=none
render_frame interval_ms=6.415000 canvas_physical=1700x1470 selected=0 preview=false revision=none
render_frame interval_ms=7.037708 canvas_physical=1700x1470 selected=0 preview=false revision=none
render_frame interval_ms=6.836000 canvas_physical=1700x1470 selected=0 preview=false revision=none
render_frame interval_ms=7.017542 canvas_physical=1700x1470 selected=0 preview=false revision=none
render_frame interval_ms=7.265625 canvas_physical=1700x1470 selected=0 preview=false revision=none
render_frame interval_ms=6.922625 canvas_physical=1700x1470 selected=0 preview=false revision=none
render_frame interval_ms=6.850792 canvas_physical=1700x1470 selected=0 preview=false revision=none
render_frame interval_ms=6.789166 canvas_physical=1700x1470 selected=0 preview=false revision=none
render_frame interval_ms=6.829167 canvas_physical=1700x1470 selected=0 preview=false revision=none
render_frame interval_ms=7.029542 canvas_physical=1700x1470 selected=0 preview=false revision=none
render_frame interval_ms=6.931541 canvas_physical=1700x1470 selected=0 preview=false revision=none
render_frame interval_ms=6.942500 canvas_physical=1700x1470 selected=0 preview=false revision=none
render_frame interval_ms=6.950125 canvas_physical=1700x1470 selected=0 preview=false revision=none
render_frame interval_ms=7.017250 canvas_physical=1700x1470 selected=0 preview=false revision=none
render_frame interval_ms=6.876500 canvas_physical=1700x1470 selected=0 preview=false revision=none
render_frame interval_ms=6.922875 canvas_physical=1700x1470 selected=0 preview=false revision=none
render_frame interval_ms=6.938084 canvas_physical=1700x1470 selected=0 preview=false revision=none
render_frame interval_ms=6.909875 canvas_physical=1700x1470 selected=0 preview=false revision=none
render_frame interval_ms=7.014375 canvas_physical=1700x1470 selected=0 preview=false revision=none
render_frame interval_ms=6.991958 canvas_physical=1700x1470 selected=0 preview=false revision=none
render_frame interval_ms=6.904875 canvas_physical=1700x1470 selected=0 preview=false revision=none
render_frame interval_ms=6.907542 canvas_physical=1700x1470 selected=0 preview=false revision=none
render_frame interval_ms=7.427125 canvas_physical=1700x1470 selected=0 preview=false revision=none
render_frame interval_ms=6.398250 canvas_physical=1700x1470 selected=0 preview=false revision=none
render_frame interval_ms=7.020208 canvas_physical=1700x1470 selected=0 preview=false revision=none
render_frame interval_ms=6.988000 canvas_physical=1700x1470 selected=0 preview=false revision=none
render_frame interval_ms=6.928958 canvas_physical=1700x1470 selected=0 preview=false revision=none
render_frame interval_ms=6.988792 canvas_physical=1700x1470 selected=0 preview=false revision=none
render_frame interval_ms=6.889875 canvas_physical=1700x1470 selected=0 preview=false revision=none
render_frame interval_ms=7.170875 canvas_physical=1700x1470 selected=0 preview=false revision=none
render_frame interval_ms=6.800375 canvas_physical=1700x1470 selected=0 preview=false revision=none
render_frame interval_ms=6.934417 canvas_physical=1700x1470 selected=0 preview=false revision=none
render_frame interval_ms=6.907583 canvas_physical=1700x1470 selected=0 preview=false revision=none
render_frame interval_ms=7.420458 canvas_physical=1700x1470 selected=0 preview=false revision=none
render_frame interval_ms=6.425375 canvas_physical=1700x1470 selected=0 preview=false revision=none
render_frame interval_ms=6.902417 canvas_physical=1700x1470 selected=0 preview=false revision=none
render_frame interval_ms=6.869000 canvas_physical=1700x1470 selected=0 preview=false revision=none
render_frame interval_ms=7.163750 canvas_physical=1700x1470 selected=0 preview=false revision=none
render_frame interval_ms=7.302875 canvas_physical=1700x1470 selected=0 preview=false revision=none
render_frame interval_ms=6.394208 canvas_physical=1700x1470 selected=0 preview=false revision=none
render_frame interval_ms=27.419042 canvas_physical=1700x1470 selected=0 preview=false revision=none
render_frame interval_ms=1.117458 canvas_physical=1700x1470 selected=0 preview=false revision=none
render_frame interval_ms=0.953584 canvas_physical=1700x1470 selected=0 preview=false revision=none
render_frame interval_ms=143.722791 canvas_physical=1700x1470 selected=0 preview=false revision=none
render_frame interval_ms=0.576375 canvas_physical=1700x1470 selected=0 preview=false revision=none
render_frame interval_ms=0.269167 canvas_physical=1700x1470 selected=0 preview=false revision=none
render_frame interval_ms=136.988333 canvas_physical=1700x1470 selected=0 preview=false revision=none
render_frame interval_ms=0.890250 canvas_physical=1700x1470 selected=0 preview=false revision=none
render_frame interval_ms=0.646417 canvas_physical=1700x1470 selected=0 preview=false revision=none
render_frame interval_ms=5221.353542 canvas_physical=1700x1470 selected=0 preview=false revision=none
render_frame interval_ms=12236.222875 canvas_physical=1700x1470 selected=0 preview=false revision=none
render_frame interval_ms=2.518500 canvas_physical=1700x1470 selected=0 preview=false revision=none
render_frame interval_ms=10.550125 canvas_physical=1700x1470 selected=0 preview=false revision=none
render_frame interval_ms=10.628083 canvas_physical=1700x1470 selected=0 preview=false revision=none
display_rebuild=1 document=doc-1 revision=0 ppm=20 blocked=None
state document=doc-1 revision=0 workspace=0 dirty=false undo=0 redo=0 selected=[] saved=None
gui_job=1 elapsed_ms=37
render_frame interval_ms=7.482917 canvas_physical=1700x1470 selected=0 preview=false revision=none
display_rebuild=2 document=doc-1 revision=0 ppm=64 blocked=None
state document=doc-1 revision=0 workspace=0 dirty=false undo=0 redo=0 selected=[] saved=None
gui_job=2 elapsed_ms=0
render_frame interval_ms=15.180791 canvas_physical=1700x1470 selected=0 preview=false revision=0
render_frame interval_ms=103.744292 canvas_physical=1700x1470 selected=0 preview=false revision=0
render_frame interval_ms=60262.407083 canvas_physical=1700x1470 selected=0 preview=false revision=0
render_frame interval_ms=3.504042 canvas_physical=1700x1470 selected=0 preview=false revision=0
render_frame interval_ms=2.874917 canvas_physical=1700x1470 selected=0 preview=false revision=0
render_frame interval_ms=89.840333 canvas_physical=1700x1470 selected=0 preview=false revision=0
state document=doc-1 revision=0 workspace=0 dirty=false undo=0 redo=0 selected=[] saved=None
gui_job=3 elapsed_ms=0
render_frame interval_ms=21.723167 canvas_physical=1700x1470 selected=0 preview=true revision=0
state document=doc-1 revision=0 workspace=0 dirty=false undo=0 redo=0 selected=["object-1", "object-2", "object-3", "object-4", "object-5", "object-6", "object-7", "object-8", "object-9", "object-10", "object-11", "object-12", "object-13", "object-14", "object-15", "object-16", "object-17", "object-18", "object-19", "object-20", "object-21", "object-22", "object-23", "object-24", "object-25", "object-26", "object-27", "object-28", "object-29", "object-30", "object-31", "object-32", "object-33", "object-34", "object-35", "object-36", "object-37", "object-38", "object-39", "object-40", "object-41", "object-42", "object-43", "object-44", "object-45", "object-46", "object-47", "object-48", "object-49", "object-50", "object-51", "object-52", "object-53", "object-54", "object-55", "object-56", "object-57", "object-58", "object-59", "object-60", "object-61", "object-62", "object-63", "object-64", "object-65", "object-66", "object-67", "object-68", "object-69", "object-70", "object-71", "object-72", "object-73", "object-74", "object-75", "object-76", "object-77", "object-78", "object-79", "object-80", "object-81", "object-82", "object-83", "object-84", "object-85", "object-86", "object-87", "object-88", "object-89", "object-90", "object-91", "object-92", "object-93", "object-94", "object-95", "object-96", "object-97", "object-98", "object-99", "object-100", "object-101", "object-102", "object-103", "object-104", "object-105", "object-106", "object-107", "object-108", "object-109", "object-110", "object-111", "object-112", "object-113", "object-114", "object-115", "object-116", "object-117", "object-118", "object-119", "object-120", "object-121", "object-122", "object-123", "object-124", "object-125", "object-126", "object-127", "object-128", "object-129", "object-130", "object-131", "object-132", "object-133", "object-134", "object-135", "object-136", "object-137", "object-138", "object-139", "object-140", "object-141", "object-142", "object-143", "object-144", "object-145", "object-146", "object-147", "object-148", "object-149", "object-150", "object-151", "object-152", "object-153", "object-154", "object-155", "object-156", "object-157", "object-158", "object-159", "object-160", "object-161", "object-162", "object-163", "object-164", "object-165", "object-166", "object-167", "object-168", "object-169", "object-170", "object-171", "object-172", "object-173", "object-174", "object-175", "object-176", "object-177", "object-178", "object-179", "object-180", "object-181", "object-182", "object-183", "object-184", "object-185", "object-186", "object-187", "object-188", "object-189", "object-190", "object-191", "object-192", "object-193", "object-194", "object-195", "object-196", "object-197", "object-198", "object-199", "object-200", "object-201", "object-202", "object-203", "object-204", "object-205", "object-206", "object-207", "object-208", "object-209", "object-210", "object-211", "object-212", "object-213", "object-214", "object-215", "object-216", "object-217", "object-218", "object-219", "object-220", "object-221", "object-222", "object-223", "object-224", "object-225", "object-226", "object-227", "object-228", "object-229", "object-230", "object-231", "object-232", "object-233", "object-234", "object-235", "object-236", "object-237", "object-238", "object-239", "object-240", "object-241", "object-242", "object-243", "object-244", "object-245", "object-246", "object-247", "object-248", "object-249", "object-250", "object-251", "object-252", "object-253", "object-254", "object-255", "object-256", "object-257", "object-258", "object-259", "object-260", "object-261", "object-262", "object-263", "object-264", "object-265", "object-266", "object-267", "object-268", "object-269", "object-270", "object-271", "object-272", "object-273", "object-274", "object-275", "object-276", "object-277", "object-278", "object-279", "object-280", "object-281", "object-282", "object-283", "object-284", "object-285", "object-286", "object-287", "object-288", "object-289", "object-290", "object-291", "object-292", "object-293", "object-294", "object-295", "object-296", "object-297", "object-298", "object-299", "object-300", "object-301", "object-302", "object-303", "object-304", "object-305", "object-306", "object-307", "object-308", "object-309", "object-310", "object-311", "object-312", "object-313", "object-314", "object-315", "object-316", "object-317", "object-318", "object-319", "object-320", "object-321", "object-322", "object-323", "object-324", "object-325", "object-326", "object-327", "object-328", "object-329", "object-330", "object-331", "object-332", "object-333", "object-334", "object-335", "object-336", "object-337", "object-338", "object-339", "object-340", "object-341", "object-342", "object-343", "object-344", "object-345", "object-346", "object-347", "object-348", "object-349", "object-350", "object-351", "object-352", "object-353", "object-354", "object-355", "object-356", "object-357", "object-358", "object-359", "object-360", "object-361", "object-362", "object-363", "object-364", "object-365", "object-366", "object-367", "object-368", "object-369", "object-370", "object-371", "object-372", "object-373", "object-374", "object-375", "object-376", "object-377", "object-378", "object-379", "object-380", "object-381", "object-382", "object-383", "object-384", "object-385", "object-386", "object-387", "object-388", "object-389", "object-390", "object-391", "object-392", "object-393", "object-394", "object-395", "object-396", "object-397", "object-398", "object-399", "object-400", "object-401", "object-402", "object-403", "object-404", "object-405", "object-406", "object-407", "object-408", "object-409", "object-410", "object-411", "object-412", "object-413", "object-414", "object-415", "object-416", "object-417", "object-418", "object-419", "object-420", "object-421", "object-422", "object-423", "object-424", "object-425", "object-426", "object-427", "object-428", "object-429", "object-430", "object-431", "object-432", "object-433", "object-434", "object-435", "object-436", "object-437", "object-438", "object-439", "object-440", "object-441", "object-442", "object-443", "object-444", "object-445", "object-446", "object-447", "object-448", "object-449", "object-450", "object-451", "object-452", "object-453", "object-454", "object-455", "object-456", "object-457", "object-458", "object-459", "object-460", "object-461", "object-462", "object-463", "object-464", "object-465", "object-466", "object-467", "object-468", "object-469", "object-470", "object-471", "object-472", "object-473", "object-474", "object-475", "object-476", "object-477", "object-478", "object-479", "object-480", "object-481", "object-482", "object-483", "object-484", "object-485", "object-486", "object-487", "object-488", "object-489", "object-490", "object-491", "object-492", "object-493", "object-494", "object-495", "object-496", "object-497", "object-498", "object-499", "object-500", "object-501", "object-502", "object-503", "object-504", "object-505", "object-506", "object-507", "object-508", "object-509", "object-510", "object-511", "object-512", "object-513", "object-514", "object-515", "object-516", "object-517", "object-518", "object-519", "object-520", "object-521", "object-522", "object-523", "object-524", "object-525", "object-526", "object-527", "object-528", "object-529", "object-530", "object-531", "object-532", "object-533", "object-534", "object-535", "object-536", "object-537", "object-538", "object-539", "object-540", "object-541", "object-542", "object-543", "object-544", "object-545", "object-546", "object-547", "object-548", "object-549", "object-550", "object-551", "object-552", "object-553", "object-554", "object-555", "object-556", "object-557", "object-558", "object-559", "object-560", "object-561", "object-562", "object-563", "object-564", "object-565", "object-566", "object-567", "object-568", "object-569", "object-570", "object-571", "object-572", "object-573", "object-574", "object-575", "object-576", "object-577", "object-578", "object-579", "object-580", "object-581", "object-582", "object-583", "object-584", "object-585", "object-586", "object-587", "object-588", "object-589", "object-590", "object-591", "object-592", "object-593", "object-594", "object-595", "object-596", "object-597", "object-598", "object-599", "object-600", "object-601", "object-602", "object-603", "object-604", "object-605", "object-606", "object-607", "object-608", "object-609", "object-610", "object-611", "object-612", "object-613", "object-614", "object-615", "object-616", "object-617", "object-618", "object-619", "object-620", "object-621", "object-622", "object-623", "object-624", "object-625", "object-626", "object-627", "object-628", "object-629", "object-630", "object-631", "object-632", "object-633", "object-634", "object-635", "object-636", "object-637", "object-638", "object-639", "object-640", "object-641", "object-642", "object-643", "object-644", "object-645", "object-646", "object-647", "object-648", "object-649", "object-650", "object-651", "object-652", "object-653", "object-654", "object-655", "object-656", "object-657", "object-658", "object-659", "object-660", "object-661", "object-662", "object-663", "object-664", "object-665", "object-666", "object-667", "object-668", "object-669", "object-670", "object-671", "object-672", "object-673", "object-674", "object-675", "object-676", "object-677", "object-678", "object-679", "object-680", "object-681", "object-682", "object-683", "object-684", "object-685", "object-686", "object-687", "object-688", "object-689", "object-690", "object-691", "object-692", "object-693", "object-694", "object-695", "object-696", "object-697", "object-698", "object-699", "object-700", "object-701", "object-702", "object-703", "object-704", "object-705", "object-706", "object-707", "object-708", "object-709", "object-710", "object-711", "object-712", "object-713", "object-714", "object-715", "object-716", "object-717", "object-718", "object-719", "object-720", "object-721", "object-722", "object-723", "object-724", "object-725", "object-726", "object-727", "object-728", "object-729", "object-730", "object-731", "object-732", "object-733", "object-734", "object-735", "object-736", "object-737", "object-738", "object-739", "object-740", "object-741", "object-742", "object-743", "object-744", "object-745", "object-746", "object-747", "object-748", "object-749", "object-750", "object-751", "object-752", "object-753", "object-754", "object-755", "object-756", "object-757", "object-758", "object-759", "object-760", "object-761", "object-762", "object-763", "object-764", "object-765", "object-766", "object-767", "object-768", "object-769", "object-770", "object-771", "object-772", "object-773", "object-774", "object-775", "object-776", "object-777", "object-778", "object-779", "object-780", "object-781", "object-782", "object-783", "object-784", "object-785", "object-786", "object-787", "object-788", "object-789", "object-790", "object-791", "object-792", "object-793", "object-794", "object-795", "object-796", "object-797", "object-798", "object-799", "object-800", "object-801", "object-802", "object-803", "object-804", "object-805", "object-806", "object-807", "object-808", "object-809", "object-810", "object-811", "object-812", "object-813", "object-814", "object-815", "object-816", "object-817", "object-818", "object-819", "object-820", "object-821", "object-822", "object-823", "object-824", "object-825", "object-826", "object-827", "object-828", "object-829", "object-830", "object-831", "object-832", "object-833", "object-834", "object-835", "object-836", "object-837", "object-838", "object-839", "object-840", "object-841", "object-842", "object-843", "object-844", "object-845", "object-846", "object-847", "object-848", "object-849", "object-850", "object-851", "object-852", "object-853", "object-854", "object-855", "object-856", "object-857", "object-858", "object-859", "object-860", "object-861", "object-862", "object-863", "object-864", "object-865", "object-866", "object-867", "object-868", "object-869", "object-870", "object-871", "object-872", "object-873", "object-874", "object-875", "object-876", "object-877", "object-878", "object-879", "object-880", "object-881", "object-882", "object-883", "object-884", "object-885", "object-886", "object-887", "object-888", "object-889", "object-890", "object-891", "object-892", "object-893", "object-894", "object-895", "object-896", "object-897", "object-898", "object-899", "object-900", "object-901", "object-902", "object-903", "object-904", "object-905", "object-906", "object-907", "object-908", "object-909", "object-910", "object-911", "object-912", "object-913", "object-914", "object-915", "object-916", "object-917", "object-918", "object-919", "object-920", "object-921", "object-922", "object-923", "object-924", "object-925", "object-926", "object-927", "object-928", "object-929", "object-930", "object-931", "object-932", "object-933", "object-934", "object-935", "object-936", "object-937", "object-938", "object-939", "object-940", "object-941", "object-942", "object-943", "object-944", "object-945", "object-946", "object-947", "object-948", "object-949", "object-950", "object-951", "object-952", "object-953", "object-954", "object-955", "object-956", "object-957", "object-958", "object-959", "object-960", "object-961", "object-962", "object-963", "object-964", "object-965", "object-966", "object-967", "object-968", "object-969", "object-970", "object-971", "object-972", "object-973", "object-974", "object-975", "object-976", "object-977", "object-978", "object-979", "object-980", "object-981", "object-982", "object-983", "object-984", "object-985", "object-986", "object-987", "object-988", "object-989", "object-990", "object-991", "object-992", "object-993", "object-994", "object-995", "object-996", "object-997", "object-998", "object-999", "object-1000"] saved=None
gui_job=4 elapsed_ms=10
render_frame interval_ms=55.156666 canvas_physical=1700x1470 selected=0 preview=false revision=0
render_frame interval_ms=1.913417 canvas_physical=1700x1470 selected=1000 preview=false revision=0
render_frame interval_ms=9733.149083 canvas_physical=1700x1470 selected=1000 preview=false revision=0
render_frame interval_ms=2.043917 canvas_physical=1700x1470 selected=1000 preview=false revision=0
render_frame interval_ms=0.812000 canvas_physical=1700x1470 selected=1000 preview=false revision=0
render_frame interval_ms=98.663500 canvas_physical=1700x1470 selected=1000 preview=false revision=0
state document=doc-1 revision=0 workspace=0 dirty=false undo=0 redo=0 selected=["object-1", "object-2", "object-3", "object-4", "object-5", "object-6", "object-7", "object-8", "object-9", "object-10", "object-11", "object-12", "object-13", "object-14", "object-15", "object-16", "object-17", "object-18", "object-19", "object-20", "object-21", "object-22", "object-23", "object-24", "object-25", "object-26", "object-27", "object-28", "object-29", "object-30", "object-31", "object-32", "object-33", "object-34", "object-35", "object-36", "object-37", "object-38", "object-39", "object-40", "object-41", "object-42", "object-43", "object-44", "object-45", "object-46", "object-47", "object-48", "object-49", "object-50", "object-51", "object-52", "object-53", "object-54", "object-55", "object-56", "object-57", "object-58", "object-59", "object-60", "object-61", "object-62", "object-63", "object-64", "object-65", "object-66", "object-67", "object-68", "object-69", "object-70", "object-71", "object-72", "object-73", "object-74", "object-75", "object-76", "object-77", "object-78", "object-79", "object-80", "object-81", "object-82", "object-83", "object-84", "object-85", "object-86", "object-87", "object-88", "object-89", "object-90", "object-91", "object-92", "object-93", "object-94", "object-95", "object-96", "object-97", "object-98", "object-99", "object-100", "object-101", "object-102", "object-103", "object-104", "object-105", "object-106", "object-107", "object-108", "object-109", "object-110", "object-111", "object-112", "object-113", "object-114", "object-115", "object-116", "object-117", "object-118", "object-119", "object-120", "object-121", "object-122", "object-123", "object-124", "object-125", "object-126", "object-127", "object-128", "object-129", "object-130", "object-131", "object-132", "object-133", "object-134", "object-135", "object-136", "object-137", "object-138", "object-139", "object-140", "object-141", "object-142", "object-143", "object-144", "object-145", "object-146", "object-147", "object-148", "object-149", "object-150", "object-151", "object-152", "object-153", "object-154", "object-155", "object-156", "object-157", "object-158", "object-159", "object-160", "object-161", "object-162", "object-163", "object-164", "object-165", "object-166", "object-167", "object-168", "object-169", "object-170", "object-171", "object-172", "object-173", "object-174", "object-175", "object-176", "object-177", "object-178", "object-179", "object-180", "object-181", "object-182", "object-183", "object-184", "object-185", "object-186", "object-187", "object-188", "object-189", "object-190", "object-191", "object-192", "object-193", "object-194", "object-195", "object-196", "object-197", "object-198", "object-199", "object-200", "object-201", "object-202", "object-203", "object-204", "object-205", "object-206", "object-207", "object-208", "object-209", "object-210", "object-211", "object-212", "object-213", "object-214", "object-215", "object-216", "object-217", "object-218", "object-219", "object-220", "object-221", "object-222", "object-223", "object-224", "object-225", "object-226", "object-227", "object-228", "object-229", "object-230", "object-231", "object-232", "object-233", "object-234", "object-235", "object-236", "object-237", "object-238", "object-239", "object-240", "object-241", "object-242", "object-243", "object-244", "object-245", "object-246", "object-247", "object-248", "object-249", "object-250", "object-251", "object-252", "object-253", "object-254", "object-255", "object-256", "object-257", "object-258", "object-259", "object-260", "object-261", "object-262", "object-263", "object-264", "object-265", "object-266", "object-267", "object-268", "object-269", "object-270", "object-271", "object-272", "object-273", "object-274", "object-275", "object-276", "object-277", "object-278", "object-279", "object-280", "object-281", "object-282", "object-283", "object-284", "object-285", "object-286", "object-287", "object-288", "object-289", "object-290", "object-291", "object-292", "object-293", "object-294", "object-295", "object-296", "object-297", "object-298", "object-299", "object-300", "object-301", "object-302", "object-303", "object-304", "object-305", "object-306", "object-307", "object-308", "object-309", "object-310", "object-311", "object-312", "object-313", "object-314", "object-315", "object-316", "object-317", "object-318", "object-319", "object-320", "object-321", "object-322", "object-323", "object-324", "object-325", "object-326", "object-327", "object-328", "object-329", "object-330", "object-331", "object-332", "object-333", "object-334", "object-335", "object-336", "object-337", "object-338", "object-339", "object-340", "object-341", "object-342", "object-343", "object-344", "object-345", "object-346", "object-347", "object-348", "object-349", "object-350", "object-351", "object-352", "object-353", "object-354", "object-355", "object-356", "object-357", "object-358", "object-359", "object-360", "object-361", "object-362", "object-363", "object-364", "object-365", "object-366", "object-367", "object-368", "object-369", "object-370", "object-371", "object-372", "object-373", "object-374", "object-375", "object-376", "object-377", "object-378", "object-379", "object-380", "object-381", "object-382", "object-383", "object-384", "object-385", "object-386", "object-387", "object-388", "object-389", "object-390", "object-391", "object-392", "object-393", "object-394", "object-395", "object-396", "object-397", "object-398", "object-399", "object-400", "object-401", "object-402", "object-403", "object-404", "object-405", "object-406", "object-407", "object-408", "object-409", "object-410", "object-411", "object-412", "object-413", "object-414", "object-415", "object-416", "object-417", "object-418", "object-419", "object-420", "object-421", "object-422", "object-423", "object-424", "object-425", "object-426", "object-427", "object-428", "object-429", "object-430", "object-431", "object-432", "object-433", "object-434", "object-435", "object-436", "object-437", "object-438", "object-439", "object-440", "object-441", "object-442", "object-443", "object-444", "object-445", "object-446", "object-447", "object-448", "object-449", "object-450", "object-451", "object-452", "object-453", "object-454", "object-455", "object-456", "object-457", "object-458", "object-459", "object-460", "object-461", "object-462", "object-463", "object-464", "object-465", "object-466", "object-467", "object-468", "object-469", "object-470", "object-471", "object-472", "object-473", "object-474", "object-475", "object-476", "object-477", "object-478", "object-479", "object-480", "object-481", "object-482", "object-483", "object-484", "object-485", "object-486", "object-487", "object-488", "object-489", "object-490", "object-491", "object-492", "object-493", "object-494", "object-495", "object-496", "object-497", "object-498", "object-499", "object-500", "object-501", "object-502", "object-503", "object-504", "object-505", "object-506", "object-507", "object-508", "object-509", "object-510", "object-511", "object-512", "object-513", "object-514", "object-515", "object-516", "object-517", "object-518", "object-519", "object-520", "object-521", "object-522", "object-523", "object-524", "object-525", "object-526", "object-527", "object-528", "object-529", "object-530", "object-531", "object-532", "object-533", "object-534", "object-535", "object-536", "object-537", "object-538", "object-539", "object-540", "object-541", "object-542", "object-543", "object-544", "object-545", "object-546", "object-547", "object-548", "object-549", "object-550", "object-551", "object-552", "object-553", "object-554", "object-555", "object-556", "object-557", "object-558", "object-559", "object-560", "object-561", "object-562", "object-563", "object-564", "object-565", "object-566", "object-567", "object-568", "object-569", "object-570", "object-571", "object-572", "object-573", "object-574", "object-575", "object-576", "object-577", "object-578", "object-579", "object-580", "object-581", "object-582", "object-583", "object-584", "object-585", "object-586", "object-587", "object-588", "object-589", "object-590", "object-591", "object-592", "object-593", "object-594", "object-595", "object-596", "object-597", "object-598", "object-599", "object-600", "object-601", "object-602", "object-603", "object-604", "object-605", "object-606", "object-607", "object-608", "object-609", "object-610", "object-611", "object-612", "object-613", "object-614", "object-615", "object-616", "object-617", "object-618", "object-619", "object-620", "object-621", "object-622", "object-623", "object-624", "object-625", "object-626", "object-627", "object-628", "object-629", "object-630", "object-631", "object-632", "object-633", "object-634", "object-635", "object-636", "object-637", "object-638", "object-639", "object-640", "object-641", "object-642", "object-643", "object-644", "object-645", "object-646", "object-647", "object-648", "object-649", "object-650", "object-651", "object-652", "object-653", "object-654", "object-655", "object-656", "object-657", "object-658", "object-659", "object-660", "object-661", "object-662", "object-663", "object-664", "object-665", "object-666", "object-667", "object-668", "object-669", "object-670", "object-671", "object-672", "object-673", "object-674", "object-675", "object-676", "object-677", "object-678", "object-679", "object-680", "object-681", "object-682", "object-683", "object-684", "object-685", "object-686", "object-687", "object-688", "object-689", "object-690", "object-691", "object-692", "object-693", "object-694", "object-695", "object-696", "object-697", "object-698", "object-699", "object-700", "object-701", "object-702", "object-703", "object-704", "object-705", "object-706", "object-707", "object-708", "object-709", "object-710", "object-711", "object-712", "object-713", "object-714", "object-715", "object-716", "object-717", "object-718", "object-719", "object-720", "object-721", "object-722", "object-723", "object-724", "object-725", "object-726", "object-727", "object-728", "object-729", "object-730", "object-731", "object-732", "object-733", "object-734", "object-735", "object-736", "object-737", "object-738", "object-739", "object-740", "object-741", "object-742", "object-743", "object-744", "object-745", "object-746", "object-747", "object-748", "object-749", "object-750", "object-751", "object-752", "object-753", "object-754", "object-755", "object-756", "object-757", "object-758", "object-759", "object-760", "object-761", "object-762", "object-763", "object-764", "object-765", "object-766", "object-767", "object-768", "object-769", "object-770", "object-771", "object-772", "object-773", "object-774", "object-775", "object-776", "object-777", "object-778", "object-779", "object-780", "object-781", "object-782", "object-783", "object-784", "object-785", "object-786", "object-787", "object-788", "object-789", "object-790", "object-791", "object-792", "object-793", "object-794", "object-795", "object-796", "object-797", "object-798", "object-799", "object-800", "object-801", "object-802", "object-803", "object-804", "object-805", "object-806", "object-807", "object-808", "object-809", "object-810", "object-811", "object-812", "object-813", "object-814", "object-815", "object-816", "object-817", "object-818", "object-819", "object-820", "object-821", "object-822", "object-823", "object-824", "object-825", "object-826", "object-827", "object-828", "object-829", "object-830", "object-831", "object-832", "object-833", "object-834", "object-835", "object-836", "object-837", "object-838", "object-839", "object-840", "object-841", "object-842", "object-843", "object-844", "object-845", "object-846", "object-847", "object-848", "object-849", "object-850", "object-851", "object-852", "object-853", "object-854", "object-855", "object-856", "object-857", "object-858", "object-859", "object-860", "object-861", "object-862", "object-863", "object-864", "object-865", "object-866", "object-867", "object-868", "object-869", "object-870", "object-871", "object-872", "object-873", "object-874", "object-875", "object-876", "object-877", "object-878", "object-879", "object-880", "object-881", "object-882", "object-883", "object-884", "object-885", "object-886", "object-887", "object-888", "object-889", "object-890", "object-891", "object-892", "object-893", "object-894", "object-895", "object-896", "object-897", "object-898", "object-899", "object-900", "object-901", "object-902", "object-903", "object-904", "object-905", "object-906", "object-907", "object-908", "object-909", "object-910", "object-911", "object-912", "object-913", "object-914", "object-915", "object-916", "object-917", "object-918", "object-919", "object-920", "object-921", "object-922", "object-923", "object-924", "object-925", "object-926", "object-927", "object-928", "object-929", "object-930", "object-931", "object-932", "object-933", "object-934", "object-935", "object-936", "object-937", "object-938", "object-939", "object-940", "object-941", "object-942", "object-943", "object-944", "object-945", "object-946", "object-947", "object-948", "object-949", "object-950", "object-951", "object-952", "object-953", "object-954", "object-955", "object-956", "object-957", "object-958", "object-959", "object-960", "object-961", "object-962", "object-963", "object-964", "object-965", "object-966", "object-967", "object-968", "object-969", "object-970", "object-971", "object-972", "object-973", "object-974", "object-975", "object-976", "object-977", "object-978", "object-979", "object-980", "object-981", "object-982", "object-983", "object-984", "object-985", "object-986", "object-987", "object-988", "object-989", "object-990", "object-991", "object-992", "object-993", "object-994", "object-995", "object-996", "object-997", "object-998", "object-999", "object-1000"] saved=None
render_frame interval_ms=4.138583 canvas_physical=1700x1470 selected=1000 preview=true revision=0
gui_job=5 elapsed_ms=7
render_frame interval_ms=48.231584 canvas_physical=1700x1470 selected=1000 preview=true revision=0
display_rebuild=3 document=doc-1 revision=1 ppm=64 blocked=None
state document=doc-1 revision=1 workspace=0 dirty=true undo=1 redo=0 selected=["object-1", "object-2", "object-3", "object-4", "object-5", "object-6", "object-7", "object-8", "object-9", "object-10", "object-11", "object-12", "object-13", "object-14", "object-15", "object-16", "object-17", "object-18", "object-19", "object-20", "object-21", "object-22", "object-23", "object-24", "object-25", "object-26", "object-27", "object-28", "object-29", "object-30", "object-31", "object-32", "object-33", "object-34", "object-35", "object-36", "object-37", "object-38", "object-39", "object-40", "object-41", "object-42", "object-43", "object-44", "object-45", "object-46", "object-47", "object-48", "object-49", "object-50", "object-51", "object-52", "object-53", "object-54", "object-55", "object-56", "object-57", "object-58", "object-59", "object-60", "object-61", "object-62", "object-63", "object-64", "object-65", "object-66", "object-67", "object-68", "object-69", "object-70", "object-71", "object-72", "object-73", "object-74", "object-75", "object-76", "object-77", "object-78", "object-79", "object-80", "object-81", "object-82", "object-83", "object-84", "object-85", "object-86", "object-87", "object-88", "object-89", "object-90", "object-91", "object-92", "object-93", "object-94", "object-95", "object-96", "object-97", "object-98", "object-99", "object-100", "object-101", "object-102", "object-103", "object-104", "object-105", "object-106", "object-107", "object-108", "object-109", "object-110", "object-111", "object-112", "object-113", "object-114", "object-115", "object-116", "object-117", "object-118", "object-119", "object-120", "object-121", "object-122", "object-123", "object-124", "object-125", "object-126", "object-127", "object-128", "object-129", "object-130", "object-131", "object-132", "object-133", "object-134", "object-135", "object-136", "object-137", "object-138", "object-139", "object-140", "object-141", "object-142", "object-143", "object-144", "object-145", "object-146", "object-147", "object-148", "object-149", "object-150", "object-151", "object-152", "object-153", "object-154", "object-155", "object-156", "object-157", "object-158", "object-159", "object-160", "object-161", "object-162", "object-163", "object-164", "object-165", "object-166", "object-167", "object-168", "object-169", "object-170", "object-171", "object-172", "object-173", "object-174", "object-175", "object-176", "object-177", "object-178", "object-179", "object-180", "object-181", "object-182", "object-183", "object-184", "object-185", "object-186", "object-187", "object-188", "object-189", "object-190", "object-191", "object-192", "object-193", "object-194", "object-195", "object-196", "object-197", "object-198", "object-199", "object-200", "object-201", "object-202", "object-203", "object-204", "object-205", "object-206", "object-207", "object-208", "object-209", "object-210", "object-211", "object-212", "object-213", "object-214", "object-215", "object-216", "object-217", "object-218", "object-219", "object-220", "object-221", "object-222", "object-223", "object-224", "object-225", "object-226", "object-227", "object-228", "object-229", "object-230", "object-231", "object-232", "object-233", "object-234", "object-235", "object-236", "object-237", "object-238", "object-239", "object-240", "object-241", "object-242", "object-243", "object-244", "object-245", "object-246", "object-247", "object-248", "object-249", "object-250", "object-251", "object-252", "object-253", "object-254", "object-255", "object-256", "object-257", "object-258", "object-259", "object-260", "object-261", "object-262", "object-263", "object-264", "object-265", "object-266", "object-267", "object-268", "object-269", "object-270", "object-271", "object-272", "object-273", "object-274", "object-275", "object-276", "object-277", "object-278", "object-279", "object-280", "object-281", "object-282", "object-283", "object-284", "object-285", "object-286", "object-287", "object-288", "object-289", "object-290", "object-291", "object-292", "object-293", "object-294", "object-295", "object-296", "object-297", "object-298", "object-299", "object-300", "object-301", "object-302", "object-303", "object-304", "object-305", "object-306", "object-307", "object-308", "object-309", "object-310", "object-311", "object-312", "object-313", "object-314", "object-315", "object-316", "object-317", "object-318", "object-319", "object-320", "object-321", "object-322", "object-323", "object-324", "object-325", "object-326", "object-327", "object-328", "object-329", "object-330", "object-331", "object-332", "object-333", "object-334", "object-335", "object-336", "object-337", "object-338", "object-339", "object-340", "object-341", "object-342", "object-343", "object-344", "object-345", "object-346", "object-347", "object-348", "object-349", "object-350", "object-351", "object-352", "object-353", "object-354", "object-355", "object-356", "object-357", "object-358", "object-359", "object-360", "object-361", "object-362", "object-363", "object-364", "object-365", "object-366", "object-367", "object-368", "object-369", "object-370", "object-371", "object-372", "object-373", "object-374", "object-375", "object-376", "object-377", "object-378", "object-379", "object-380", "object-381", "object-382", "object-383", "object-384", "object-385", "object-386", "object-387", "object-388", "object-389", "object-390", "object-391", "object-392", "object-393", "object-394", "object-395", "object-396", "object-397", "object-398", "object-399", "object-400", "object-401", "object-402", "object-403", "object-404", "object-405", "object-406", "object-407", "object-408", "object-409", "object-410", "object-411", "object-412", "object-413", "object-414", "object-415", "object-416", "object-417", "object-418", "object-419", "object-420", "object-421", "object-422", "object-423", "object-424", "object-425", "object-426", "object-427", "object-428", "object-429", "object-430", "object-431", "object-432", "object-433", "object-434", "object-435", "object-436", "object-437", "object-438", "object-439", "object-440", "object-441", "object-442", "object-443", "object-444", "object-445", "object-446", "object-447", "object-448", "object-449", "object-450", "object-451", "object-452", "object-453", "object-454", "object-455", "object-456", "object-457", "object-458", "object-459", "object-460", "object-461", "object-462", "object-463", "object-464", "object-465", "object-466", "object-467", "object-468", "object-469", "object-470", "object-471", "object-472", "object-473", "object-474", "object-475", "object-476", "object-477", "object-478", "object-479", "object-480", "object-481", "object-482", "object-483", "object-484", "object-485", "object-486", "object-487", "object-488", "object-489", "object-490", "object-491", "object-492", "object-493", "object-494", "object-495", "object-496", "object-497", "object-498", "object-499", "object-500", "object-501", "object-502", "object-503", "object-504", "object-505", "object-506", "object-507", "object-508", "object-509", "object-510", "object-511", "object-512", "object-513", "object-514", "object-515", "object-516", "object-517", "object-518", "object-519", "object-520", "object-521", "object-522", "object-523", "object-524", "object-525", "object-526", "object-527", "object-528", "object-529", "object-530", "object-531", "object-532", "object-533", "object-534", "object-535", "object-536", "object-537", "object-538", "object-539", "object-540", "object-541", "object-542", "object-543", "object-544", "object-545", "object-546", "object-547", "object-548", "object-549", "object-550", "object-551", "object-552", "object-553", "object-554", "object-555", "object-556", "object-557", "object-558", "object-559", "object-560", "object-561", "object-562", "object-563", "object-564", "object-565", "object-566", "object-567", "object-568", "object-569", "object-570", "object-571", "object-572", "object-573", "object-574", "object-575", "object-576", "object-577", "object-578", "object-579", "object-580", "object-581", "object-582", "object-583", "object-584", "object-585", "object-586", "object-587", "object-588", "object-589", "object-590", "object-591", "object-592", "object-593", "object-594", "object-595", "object-596", "object-597", "object-598", "object-599", "object-600", "object-601", "object-602", "object-603", "object-604", "object-605", "object-606", "object-607", "object-608", "object-609", "object-610", "object-611", "object-612", "object-613", "object-614", "object-615", "object-616", "object-617", "object-618", "object-619", "object-620", "object-621", "object-622", "object-623", "object-624", "object-625", "object-626", "object-627", "object-628", "object-629", "object-630", "object-631", "object-632", "object-633", "object-634", "object-635", "object-636", "object-637", "object-638", "object-639", "object-640", "object-641", "object-642", "object-643", "object-644", "object-645", "object-646", "object-647", "object-648", "object-649", "object-650", "object-651", "object-652", "object-653", "object-654", "object-655", "object-656", "object-657", "object-658", "object-659", "object-660", "object-661", "object-662", "object-663", "object-664", "object-665", "object-666", "object-667", "object-668", "object-669", "object-670", "object-671", "object-672", "object-673", "object-674", "object-675", "object-676", "object-677", "object-678", "object-679", "object-680", "object-681", "object-682", "object-683", "object-684", "object-685", "object-686", "object-687", "object-688", "object-689", "object-690", "object-691", "object-692", "object-693", "object-694", "object-695", "object-696", "object-697", "object-698", "object-699", "object-700", "object-701", "object-702", "object-703", "object-704", "object-705", "object-706", "object-707", "object-708", "object-709", "object-710", "object-711", "object-712", "object-713", "object-714", "object-715", "object-716", "object-717", "object-718", "object-719", "object-720", "object-721", "object-722", "object-723", "object-724", "object-725", "object-726", "object-727", "object-728", "object-729", "object-730", "object-731", "object-732", "object-733", "object-734", "object-735", "object-736", "object-737", "object-738", "object-739", "object-740", "object-741", "object-742", "object-743", "object-744", "object-745", "object-746", "object-747", "object-748", "object-749", "object-750", "object-751", "object-752", "object-753", "object-754", "object-755", "object-756", "object-757", "object-758", "object-759", "object-760", "object-761", "object-762", "object-763", "object-764", "object-765", "object-766", "object-767", "object-768", "object-769", "object-770", "object-771", "object-772", "object-773", "object-774", "object-775", "object-776", "object-777", "object-778", "object-779", "object-780", "object-781", "object-782", "object-783", "object-784", "object-785", "object-786", "object-787", "object-788", "object-789", "object-790", "object-791", "object-792", "object-793", "object-794", "object-795", "object-796", "object-797", "object-798", "object-799", "object-800", "object-801", "object-802", "object-803", "object-804", "object-805", "object-806", "object-807", "object-808", "object-809", "object-810", "object-811", "object-812", "object-813", "object-814", "object-815", "object-816", "object-817", "object-818", "object-819", "object-820", "object-821", "object-822", "object-823", "object-824", "object-825", "object-826", "object-827", "object-828", "object-829", "object-830", "object-831", "object-832", "object-833", "object-834", "object-835", "object-836", "object-837", "object-838", "object-839", "object-840", "object-841", "object-842", "object-843", "object-844", "object-845", "object-846", "object-847", "object-848", "object-849", "object-850", "object-851", "object-852", "object-853", "object-854", "object-855", "object-856", "object-857", "object-858", "object-859", "object-860", "object-861", "object-862", "object-863", "object-864", "object-865", "object-866", "object-867", "object-868", "object-869", "object-870", "object-871", "object-872", "object-873", "object-874", "object-875", "object-876", "object-877", "object-878", "object-879", "object-880", "object-881", "object-882", "object-883", "object-884", "object-885", "object-886", "object-887", "object-888", "object-889", "object-890", "object-891", "object-892", "object-893", "object-894", "object-895", "object-896", "object-897", "object-898", "object-899", "object-900", "object-901", "object-902", "object-903", "object-904", "object-905", "object-906", "object-907", "object-908", "object-909", "object-910", "object-911", "object-912", "object-913", "object-914", "object-915", "object-916", "object-917", "object-918", "object-919", "object-920", "object-921", "object-922", "object-923", "object-924", "object-925", "object-926", "object-927", "object-928", "object-929", "object-930", "object-931", "object-932", "object-933", "object-934", "object-935", "object-936", "object-937", "object-938", "object-939", "object-940", "object-941", "object-942", "object-943", "object-944", "object-945", "object-946", "object-947", "object-948", "object-949", "object-950", "object-951", "object-952", "object-953", "object-954", "object-955", "object-956", "object-957", "object-958", "object-959", "object-960", "object-961", "object-962", "object-963", "object-964", "object-965", "object-966", "object-967", "object-968", "object-969", "object-970", "object-971", "object-972", "object-973", "object-974", "object-975", "object-976", "object-977", "object-978", "object-979", "object-980", "object-981", "object-982", "object-983", "object-984", "object-985", "object-986", "object-987", "object-988", "object-989", "object-990", "object-991", "object-992", "object-993", "object-994", "object-995", "object-996", "object-997", "object-998", "object-999", "object-1000"] saved=None
gui_job=6 elapsed_ms=13
render_frame interval_ms=47.646541 canvas_physical=1700x1470 selected=1000 preview=false revision=0
render_frame interval_ms=45.855750 canvas_physical=1700x1470 selected=1000 preview=false revision=1
render_frame interval_ms=23.826875 canvas_physical=1700x1470 selected=1000 preview=false revision=1
render_frame interval_ms=30361.123709 canvas_physical=1700x1470 selected=1000 preview=false revision=1
render_frame interval_ms=3.006333 canvas_physical=1700x1470 selected=1000 preview=false revision=1
render_frame interval_ms=1.870083 canvas_physical=1700x1470 selected=1000 preview=false revision=1
display_rebuild=4 document=doc-1 revision=2 ppm=64 blocked=None
state document=doc-1 revision=2 workspace=0 dirty=false undo=0 redo=1 selected=["object-1", "object-2", "object-3", "object-4", "object-5", "object-6", "object-7", "object-8", "object-9", "object-10", "object-11", "object-12", "object-13", "object-14", "object-15", "object-16", "object-17", "object-18", "object-19", "object-20", "object-21", "object-22", "object-23", "object-24", "object-25", "object-26", "object-27", "object-28", "object-29", "object-30", "object-31", "object-32", "object-33", "object-34", "object-35", "object-36", "object-37", "object-38", "object-39", "object-40", "object-41", "object-42", "object-43", "object-44", "object-45", "object-46", "object-47", "object-48", "object-49", "object-50", "object-51", "object-52", "object-53", "object-54", "object-55", "object-56", "object-57", "object-58", "object-59", "object-60", "object-61", "object-62", "object-63", "object-64", "object-65", "object-66", "object-67", "object-68", "object-69", "object-70", "object-71", "object-72", "object-73", "object-74", "object-75", "object-76", "object-77", "object-78", "object-79", "object-80", "object-81", "object-82", "object-83", "object-84", "object-85", "object-86", "object-87", "object-88", "object-89", "object-90", "object-91", "object-92", "object-93", "object-94", "object-95", "object-96", "object-97", "object-98", "object-99", "object-100", "object-101", "object-102", "object-103", "object-104", "object-105", "object-106", "object-107", "object-108", "object-109", "object-110", "object-111", "object-112", "object-113", "object-114", "object-115", "object-116", "object-117", "object-118", "object-119", "object-120", "object-121", "object-122", "object-123", "object-124", "object-125", "object-126", "object-127", "object-128", "object-129", "object-130", "object-131", "object-132", "object-133", "object-134", "object-135", "object-136", "object-137", "object-138", "object-139", "object-140", "object-141", "object-142", "object-143", "object-144", "object-145", "object-146", "object-147", "object-148", "object-149", "object-150", "object-151", "object-152", "object-153", "object-154", "object-155", "object-156", "object-157", "object-158", "object-159", "object-160", "object-161", "object-162", "object-163", "object-164", "object-165", "object-166", "object-167", "object-168", "object-169", "object-170", "object-171", "object-172", "object-173", "object-174", "object-175", "object-176", "object-177", "object-178", "object-179", "object-180", "object-181", "object-182", "object-183", "object-184", "object-185", "object-186", "object-187", "object-188", "object-189", "object-190", "object-191", "object-192", "object-193", "object-194", "object-195", "object-196", "object-197", "object-198", "object-199", "object-200", "object-201", "object-202", "object-203", "object-204", "object-205", "object-206", "object-207", "object-208", "object-209", "object-210", "object-211", "object-212", "object-213", "object-214", "object-215", "object-216", "object-217", "object-218", "object-219", "object-220", "object-221", "object-222", "object-223", "object-224", "object-225", "object-226", "object-227", "object-228", "object-229", "object-230", "object-231", "object-232", "object-233", "object-234", "object-235", "object-236", "object-237", "object-238", "object-239", "object-240", "object-241", "object-242", "object-243", "object-244", "object-245", "object-246", "object-247", "object-248", "object-249", "object-250", "object-251", "object-252", "object-253", "object-254", "object-255", "object-256", "object-257", "object-258", "object-259", "object-260", "object-261", "object-262", "object-263", "object-264", "object-265", "object-266", "object-267", "object-268", "object-269", "object-270", "object-271", "object-272", "object-273", "object-274", "object-275", "object-276", "object-277", "object-278", "object-279", "object-280", "object-281", "object-282", "object-283", "object-284", "object-285", "object-286", "object-287", "object-288", "object-289", "object-290", "object-291", "object-292", "object-293", "object-294", "object-295", "object-296", "object-297", "object-298", "object-299", "object-300", "object-301", "object-302", "object-303", "object-304", "object-305", "object-306", "object-307", "object-308", "object-309", "object-310", "object-311", "object-312", "object-313", "object-314", "object-315", "object-316", "object-317", "object-318", "object-319", "object-320", "object-321", "object-322", "object-323", "object-324", "object-325", "object-326", "object-327", "object-328", "object-329", "object-330", "object-331", "object-332", "object-333", "object-334", "object-335", "object-336", "object-337", "object-338", "object-339", "object-340", "object-341", "object-342", "object-343", "object-344", "object-345", "object-346", "object-347", "object-348", "object-349", "object-350", "object-351", "object-352", "object-353", "object-354", "object-355", "object-356", "object-357", "object-358", "object-359", "object-360", "object-361", "object-362", "object-363", "object-364", "object-365", "object-366", "object-367", "object-368", "object-369", "object-370", "object-371", "object-372", "object-373", "object-374", "object-375", "object-376", "object-377", "object-378", "object-379", "object-380", "object-381", "object-382", "object-383", "object-384", "object-385", "object-386", "object-387", "object-388", "object-389", "object-390", "object-391", "object-392", "object-393", "object-394", "object-395", "object-396", "object-397", "object-398", "object-399", "object-400", "object-401", "object-402", "object-403", "object-404", "object-405", "object-406", "object-407", "object-408", "object-409", "object-410", "object-411", "object-412", "object-413", "object-414", "object-415", "object-416", "object-417", "object-418", "object-419", "object-420", "object-421", "object-422", "object-423", "object-424", "object-425", "object-426", "object-427", "object-428", "object-429", "object-430", "object-431", "object-432", "object-433", "object-434", "object-435", "object-436", "object-437", "object-438", "object-439", "object-440", "object-441", "object-442", "object-443", "object-444", "object-445", "object-446", "object-447", "object-448", "object-449", "object-450", "object-451", "object-452", "object-453", "object-454", "object-455", "object-456", "object-457", "object-458", "object-459", "object-460", "object-461", "object-462", "object-463", "object-464", "object-465", "object-466", "object-467", "object-468", "object-469", "object-470", "object-471", "object-472", "object-473", "object-474", "object-475", "object-476", "object-477", "object-478", "object-479", "object-480", "object-481", "object-482", "object-483", "object-484", "object-485", "object-486", "object-487", "object-488", "object-489", "object-490", "object-491", "object-492", "object-493", "object-494", "object-495", "object-496", "object-497", "object-498", "object-499", "object-500", "object-501", "object-502", "object-503", "object-504", "object-505", "object-506", "object-507", "object-508", "object-509", "object-510", "object-511", "object-512", "object-513", "object-514", "object-515", "object-516", "object-517", "object-518", "object-519", "object-520", "object-521", "object-522", "object-523", "object-524", "object-525", "object-526", "object-527", "object-528", "object-529", "object-530", "object-531", "object-532", "object-533", "object-534", "object-535", "object-536", "object-537", "object-538", "object-539", "object-540", "object-541", "object-542", "object-543", "object-544", "object-545", "object-546", "object-547", "object-548", "object-549", "object-550", "object-551", "object-552", "object-553", "object-554", "object-555", "object-556", "object-557", "object-558", "object-559", "object-560", "object-561", "object-562", "object-563", "object-564", "object-565", "object-566", "object-567", "object-568", "object-569", "object-570", "object-571", "object-572", "object-573", "object-574", "object-575", "object-576", "object-577", "object-578", "object-579", "object-580", "object-581", "object-582", "object-583", "object-584", "object-585", "object-586", "object-587", "object-588", "object-589", "object-590", "object-591", "object-592", "object-593", "object-594", "object-595", "object-596", "object-597", "object-598", "object-599", "object-600", "object-601", "object-602", "object-603", "object-604", "object-605", "object-606", "object-607", "object-608", "object-609", "object-610", "object-611", "object-612", "object-613", "object-614", "object-615", "object-616", "object-617", "object-618", "object-619", "object-620", "object-621", "object-622", "object-623", "object-624", "object-625", "object-626", "object-627", "object-628", "object-629", "object-630", "object-631", "object-632", "object-633", "object-634", "object-635", "object-636", "object-637", "object-638", "object-639", "object-640", "object-641", "object-642", "object-643", "object-644", "object-645", "object-646", "object-647", "object-648", "object-649", "object-650", "object-651", "object-652", "object-653", "object-654", "object-655", "object-656", "object-657", "object-658", "object-659", "object-660", "object-661", "object-662", "object-663", "object-664", "object-665", "object-666", "object-667", "object-668", "object-669", "object-670", "object-671", "object-672", "object-673", "object-674", "object-675", "object-676", "object-677", "object-678", "object-679", "object-680", "object-681", "object-682", "object-683", "object-684", "object-685", "object-686", "object-687", "object-688", "object-689", "object-690", "object-691", "object-692", "object-693", "object-694", "object-695", "object-696", "object-697", "object-698", "object-699", "object-700", "object-701", "object-702", "object-703", "object-704", "object-705", "object-706", "object-707", "object-708", "object-709", "object-710", "object-711", "object-712", "object-713", "object-714", "object-715", "object-716", "object-717", "object-718", "object-719", "object-720", "object-721", "object-722", "object-723", "object-724", "object-725", "object-726", "object-727", "object-728", "object-729", "object-730", "object-731", "object-732", "object-733", "object-734", "object-735", "object-736", "object-737", "object-738", "object-739", "object-740", "object-741", "object-742", "object-743", "object-744", "object-745", "object-746", "object-747", "object-748", "object-749", "object-750", "object-751", "object-752", "object-753", "object-754", "object-755", "object-756", "object-757", "object-758", "object-759", "object-760", "object-761", "object-762", "object-763", "object-764", "object-765", "object-766", "object-767", "object-768", "object-769", "object-770", "object-771", "object-772", "object-773", "object-774", "object-775", "object-776", "object-777", "object-778", "object-779", "object-780", "object-781", "object-782", "object-783", "object-784", "object-785", "object-786", "object-787", "object-788", "object-789", "object-790", "object-791", "object-792", "object-793", "object-794", "object-795", "object-796", "object-797", "object-798", "object-799", "object-800", "object-801", "object-802", "object-803", "object-804", "object-805", "object-806", "object-807", "object-808", "object-809", "object-810", "object-811", "object-812", "object-813", "object-814", "object-815", "object-816", "object-817", "object-818", "object-819", "object-820", "object-821", "object-822", "object-823", "object-824", "object-825", "object-826", "object-827", "object-828", "object-829", "object-830", "object-831", "object-832", "object-833", "object-834", "object-835", "object-836", "object-837", "object-838", "object-839", "object-840", "object-841", "object-842", "object-843", "object-844", "object-845", "object-846", "object-847", "object-848", "object-849", "object-850", "object-851", "object-852", "object-853", "object-854", "object-855", "object-856", "object-857", "object-858", "object-859", "object-860", "object-861", "object-862", "object-863", "object-864", "object-865", "object-866", "object-867", "object-868", "object-869", "object-870", "object-871", "object-872", "object-873", "object-874", "object-875", "object-876", "object-877", "object-878", "object-879", "object-880", "object-881", "object-882", "object-883", "object-884", "object-885", "object-886", "object-887", "object-888", "object-889", "object-890", "object-891", "object-892", "object-893", "object-894", "object-895", "object-896", "object-897", "object-898", "object-899", "object-900", "object-901", "object-902", "object-903", "object-904", "object-905", "object-906", "object-907", "object-908", "object-909", "object-910", "object-911", "object-912", "object-913", "object-914", "object-915", "object-916", "object-917", "object-918", "object-919", "object-920", "object-921", "object-922", "object-923", "object-924", "object-925", "object-926", "object-927", "object-928", "object-929", "object-930", "object-931", "object-932", "object-933", "object-934", "object-935", "object-936", "object-937", "object-938", "object-939", "object-940", "object-941", "object-942", "object-943", "object-944", "object-945", "object-946", "object-947", "object-948", "object-949", "object-950", "object-951", "object-952", "object-953", "object-954", "object-955", "object-956", "object-957", "object-958", "object-959", "object-960", "object-961", "object-962", "object-963", "object-964", "object-965", "object-966", "object-967", "object-968", "object-969", "object-970", "object-971", "object-972", "object-973", "object-974", "object-975", "object-976", "object-977", "object-978", "object-979", "object-980", "object-981", "object-982", "object-983", "object-984", "object-985", "object-986", "object-987", "object-988", "object-989", "object-990", "object-991", "object-992", "object-993", "object-994", "object-995", "object-996", "object-997", "object-998", "object-999", "object-1000"] saved=None
gui_job=7 elapsed_ms=37
render_frame interval_ms=69.511292 canvas_physical=1700x1470 selected=1000 preview=false revision=1
render_frame interval_ms=38.119000 canvas_physical=1700x1470 selected=1000 preview=false revision=2
render_frame interval_ms=79.722250 canvas_physical=1700x1470 selected=1000 preview=false revision=2
render_frame interval_ms=586.706500 canvas_physical=1700x1470 selected=1000 preview=false revision=2
render_frame interval_ms=0.752125 canvas_physical=1700x1470 selected=1000 preview=false revision=2
render_frame interval_ms=0.453458 canvas_physical=1700x1470 selected=1000 preview=false revision=2
render_frame interval_ms=88.779917 canvas_physical=1700x1470 selected=1000 preview=false revision=2
state document=doc-1 revision=2 workspace=0 dirty=false undo=0 redo=1 selected=["object-1", "object-2", "object-3", "object-4", "object-5", "object-6", "object-7", "object-8", "object-9", "object-10", "object-11", "object-12", "object-13", "object-14", "object-15", "object-16", "object-17", "object-18", "object-19", "object-20", "object-21", "object-22", "object-23", "object-24", "object-25", "object-26", "object-27", "object-28", "object-29", "object-30", "object-31", "object-32", "object-33", "object-34", "object-35", "object-36", "object-37", "object-38", "object-39", "object-40", "object-41", "object-42", "object-43", "object-44", "object-45", "object-46", "object-47", "object-48", "object-49", "object-50", "object-51", "object-52", "object-53", "object-54", "object-55", "object-56", "object-57", "object-58", "object-59", "object-60", "object-61", "object-62", "object-63", "object-64", "object-65", "object-66", "object-67", "object-68", "object-69", "object-70", "object-71", "object-72", "object-73", "object-74", "object-75", "object-76", "object-77", "object-78", "object-79", "object-80", "object-81", "object-82", "object-83", "object-84", "object-85", "object-86", "object-87", "object-88", "object-89", "object-90", "object-91", "object-92", "object-93", "object-94", "object-95", "object-96", "object-97", "object-98", "object-99", "object-100", "object-101", "object-102", "object-103", "object-104", "object-105", "object-106", "object-107", "object-108", "object-109", "object-110", "object-111", "object-112", "object-113", "object-114", "object-115", "object-116", "object-117", "object-118", "object-119", "object-120", "object-121", "object-122", "object-123", "object-124", "object-125", "object-126", "object-127", "object-128", "object-129", "object-130", "object-131", "object-132", "object-133", "object-134", "object-135", "object-136", "object-137", "object-138", "object-139", "object-140", "object-141", "object-142", "object-143", "object-144", "object-145", "object-146", "object-147", "object-148", "object-149", "object-150", "object-151", "object-152", "object-153", "object-154", "object-155", "object-156", "object-157", "object-158", "object-159", "object-160", "object-161", "object-162", "object-163", "object-164", "object-165", "object-166", "object-167", "object-168", "object-169", "object-170", "object-171", "object-172", "object-173", "object-174", "object-175", "object-176", "object-177", "object-178", "object-179", "object-180", "object-181", "object-182", "object-183", "object-184", "object-185", "object-186", "object-187", "object-188", "object-189", "object-190", "object-191", "object-192", "object-193", "object-194", "object-195", "object-196", "object-197", "object-198", "object-199", "object-200", "object-201", "object-202", "object-203", "object-204", "object-205", "object-206", "object-207", "object-208", "object-209", "object-210", "object-211", "object-212", "object-213", "object-214", "object-215", "object-216", "object-217", "object-218", "object-219", "object-220", "object-221", "object-222", "object-223", "object-224", "object-225", "object-226", "object-227", "object-228", "object-229", "object-230", "object-231", "object-232", "object-233", "object-234", "object-235", "object-236", "object-237", "object-238", "object-239", "object-240", "object-241", "object-242", "object-243", "object-244", "object-245", "object-246", "object-247", "object-248", "object-249", "object-250", "object-251", "object-252", "object-253", "object-254", "object-255", "object-256", "object-257", "object-258", "object-259", "object-260", "object-261", "object-262", "object-263", "object-264", "object-265", "object-266", "object-267", "object-268", "object-269", "object-270", "object-271", "object-272", "object-273", "object-274", "object-275", "object-276", "object-277", "object-278", "object-279", "object-280", "object-281", "object-282", "object-283", "object-284", "object-285", "object-286", "object-287", "object-288", "object-289", "object-290", "object-291", "object-292", "object-293", "object-294", "object-295", "object-296", "object-297", "object-298", "object-299", "object-300", "object-301", "object-302", "object-303", "object-304", "object-305", "object-306", "object-307", "object-308", "object-309", "object-310", "object-311", "object-312", "object-313", "object-314", "object-315", "object-316", "object-317", "object-318", "object-319", "object-320", "object-321", "object-322", "object-323", "object-324", "object-325", "object-326", "object-327", "object-328", "object-329", "object-330", "object-331", "object-332", "object-333", "object-334", "object-335", "object-336", "object-337", "object-338", "object-339", "object-340", "object-341", "object-342", "object-343", "object-344", "object-345", "object-346", "object-347", "object-348", "object-349", "object-350", "object-351", "object-352", "object-353", "object-354", "object-355", "object-356", "object-357", "object-358", "object-359", "object-360", "object-361", "object-362", "object-363", "object-364", "object-365", "object-366", "object-367", "object-368", "object-369", "object-370", "object-371", "object-372", "object-373", "object-374", "object-375", "object-376", "object-377", "object-378", "object-379", "object-380", "object-381", "object-382", "object-383", "object-384", "object-385", "object-386", "object-387", "object-388", "object-389", "object-390", "object-391", "object-392", "object-393", "object-394", "object-395", "object-396", "object-397", "object-398", "object-399", "object-400", "object-401", "object-402", "object-403", "object-404", "object-405", "object-406", "object-407", "object-408", "object-409", "object-410", "object-411", "object-412", "object-413", "object-414", "object-415", "object-416", "object-417", "object-418", "object-419", "object-420", "object-421", "object-422", "object-423", "object-424", "object-425", "object-426", "object-427", "object-428", "object-429", "object-430", "object-431", "object-432", "object-433", "object-434", "object-435", "object-436", "object-437", "object-438", "object-439", "object-440", "object-441", "object-442", "object-443", "object-444", "object-445", "object-446", "object-447", "object-448", "object-449", "object-450", "object-451", "object-452", "object-453", "object-454", "object-455", "object-456", "object-457", "object-458", "object-459", "object-460", "object-461", "object-462", "object-463", "object-464", "object-465", "object-466", "object-467", "object-468", "object-469", "object-470", "object-471", "object-472", "object-473", "object-474", "object-475", "object-476", "object-477", "object-478", "object-479", "object-480", "object-481", "object-482", "object-483", "object-484", "object-485", "object-486", "object-487", "object-488", "object-489", "object-490", "object-491", "object-492", "object-493", "object-494", "object-495", "object-496", "object-497", "object-498", "object-499", "object-500", "object-501", "object-502", "object-503", "object-504", "object-505", "object-506", "object-507", "object-508", "object-509", "object-510", "object-511", "object-512", "object-513", "object-514", "object-515", "object-516", "object-517", "object-518", "object-519", "object-520", "object-521", "object-522", "object-523", "object-524", "object-525", "object-526", "object-527", "object-528", "object-529", "object-530", "object-531", "object-532", "object-533", "object-534", "object-535", "object-536", "object-537", "object-538", "object-539", "object-540", "object-541", "object-542", "object-543", "object-544", "object-545", "object-546", "object-547", "object-548", "object-549", "object-550", "object-551", "object-552", "object-553", "object-554", "object-555", "object-556", "object-557", "object-558", "object-559", "object-560", "object-561", "object-562", "object-563", "object-564", "object-565", "object-566", "object-567", "object-568", "object-569", "object-570", "object-571", "object-572", "object-573", "object-574", "object-575", "object-576", "object-577", "object-578", "object-579", "object-580", "object-581", "object-582", "object-583", "object-584", "object-585", "object-586", "object-587", "object-588", "object-589", "object-590", "object-591", "object-592", "object-593", "object-594", "object-595", "object-596", "object-597", "object-598", "object-599", "object-600", "object-601", "object-602", "object-603", "object-604", "object-605", "object-606", "object-607", "object-608", "object-609", "object-610", "object-611", "object-612", "object-613", "object-614", "object-615", "object-616", "object-617", "object-618", "object-619", "object-620", "object-621", "object-622", "object-623", "object-624", "object-625", "object-626", "object-627", "object-628", "object-629", "object-630", "object-631", "object-632", "object-633", "object-634", "object-635", "object-636", "object-637", "object-638", "object-639", "object-640", "object-641", "object-642", "object-643", "object-644", "object-645", "object-646", "object-647", "object-648", "object-649", "object-650", "object-651", "object-652", "object-653", "object-654", "object-655", "object-656", "object-657", "object-658", "object-659", "object-660", "object-661", "object-662", "object-663", "object-664", "object-665", "object-666", "object-667", "object-668", "object-669", "object-670", "object-671", "object-672", "object-673", "object-674", "object-675", "object-676", "object-677", "object-678", "object-679", "object-680", "object-681", "object-682", "object-683", "object-684", "object-685", "object-686", "object-687", "object-688", "object-689", "object-690", "object-691", "object-692", "object-693", "object-694", "object-695", "object-696", "object-697", "object-698", "object-699", "object-700", "object-701", "object-702", "object-703", "object-704", "object-705", "object-706", "object-707", "object-708", "object-709", "object-710", "object-711", "object-712", "object-713", "object-714", "object-715", "object-716", "object-717", "object-718", "object-719", "object-720", "object-721", "object-722", "object-723", "object-724", "object-725", "object-726", "object-727", "object-728", "object-729", "object-730", "object-731", "object-732", "object-733", "object-734", "object-735", "object-736", "object-737", "object-738", "object-739", "object-740", "object-741", "object-742", "object-743", "object-744", "object-745", "object-746", "object-747", "object-748", "object-749", "object-750", "object-751", "object-752", "object-753", "object-754", "object-755", "object-756", "object-757", "object-758", "object-759", "object-760", "object-761", "object-762", "object-763", "object-764", "object-765", "object-766", "object-767", "object-768", "object-769", "object-770", "object-771", "object-772", "object-773", "object-774", "object-775", "object-776", "object-777", "object-778", "object-779", "object-780", "object-781", "object-782", "object-783", "object-784", "object-785", "object-786", "object-787", "object-788", "object-789", "object-790", "object-791", "object-792", "object-793", "object-794", "object-795", "object-796", "object-797", "object-798", "object-799", "object-800", "object-801", "object-802", "object-803", "object-804", "object-805", "object-806", "object-807", "object-808", "object-809", "object-810", "object-811", "object-812", "object-813", "object-814", "object-815", "object-816", "object-817", "object-818", "object-819", "object-820", "object-821", "object-822", "object-823", "object-824", "object-825", "object-826", "object-827", "object-828", "object-829", "object-830", "object-831", "object-832", "object-833", "object-834", "object-835", "object-836", "object-837", "object-838", "object-839", "object-840", "object-841", "object-842", "object-843", "object-844", "object-845", "object-846", "object-847", "object-848", "object-849", "object-850", "object-851", "object-852", "object-853", "object-854", "object-855", "object-856", "object-857", "object-858", "object-859", "object-860", "object-861", "object-862", "object-863", "object-864", "object-865", "object-866", "object-867", "object-868", "object-869", "object-870", "object-871", "object-872", "object-873", "object-874", "object-875", "object-876", "object-877", "object-878", "object-879", "object-880", "object-881", "object-882", "object-883", "object-884", "object-885", "object-886", "object-887", "object-888", "object-889", "object-890", "object-891", "object-892", "object-893", "object-894", "object-895", "object-896", "object-897", "object-898", "object-899", "object-900", "object-901", "object-902", "object-903", "object-904", "object-905", "object-906", "object-907", "object-908", "object-909", "object-910", "object-911", "object-912", "object-913", "object-914", "object-915", "object-916", "object-917", "object-918", "object-919", "object-920", "object-921", "object-922", "object-923", "object-924", "object-925", "object-926", "object-927", "object-928", "object-929", "object-930", "object-931", "object-932", "object-933", "object-934", "object-935", "object-936", "object-937", "object-938", "object-939", "object-940", "object-941", "object-942", "object-943", "object-944", "object-945", "object-946", "object-947", "object-948", "object-949", "object-950", "object-951", "object-952", "object-953", "object-954", "object-955", "object-956", "object-957", "object-958", "object-959", "object-960", "object-961", "object-962", "object-963", "object-964", "object-965", "object-966", "object-967", "object-968", "object-969", "object-970", "object-971", "object-972", "object-973", "object-974", "object-975", "object-976", "object-977", "object-978", "object-979", "object-980", "object-981", "object-982", "object-983", "object-984", "object-985", "object-986", "object-987", "object-988", "object-989", "object-990", "object-991", "object-992", "object-993", "object-994", "object-995", "object-996", "object-997", "object-998", "object-999", "object-1000"] saved=None
gui_job=8 elapsed_ms=6
render_frame interval_ms=3.762542 canvas_physical=1700x1470 selected=1000 preview=true revision=2
render_frame interval_ms=83.839000 canvas_physical=1700x1470 selected=1000 preview=true revision=2
display_rebuild=5 document=doc-1 revision=3 ppm=64 blocked=None
state document=doc-1 revision=3 workspace=0 dirty=true undo=1 redo=0 selected=["object-1", "object-2", "object-3", "object-4", "object-5", "object-6", "object-7", "object-8", "object-9", "object-10", "object-11", "object-12", "object-13", "object-14", "object-15", "object-16", "object-17", "object-18", "object-19", "object-20", "object-21", "object-22", "object-23", "object-24", "object-25", "object-26", "object-27", "object-28", "object-29", "object-30", "object-31", "object-32", "object-33", "object-34", "object-35", "object-36", "object-37", "object-38", "object-39", "object-40", "object-41", "object-42", "object-43", "object-44", "object-45", "object-46", "object-47", "object-48", "object-49", "object-50", "object-51", "object-52", "object-53", "object-54", "object-55", "object-56", "object-57", "object-58", "object-59", "object-60", "object-61", "object-62", "object-63", "object-64", "object-65", "object-66", "object-67", "object-68", "object-69", "object-70", "object-71", "object-72", "object-73", "object-74", "object-75", "object-76", "object-77", "object-78", "object-79", "object-80", "object-81", "object-82", "object-83", "object-84", "object-85", "object-86", "object-87", "object-88", "object-89", "object-90", "object-91", "object-92", "object-93", "object-94", "object-95", "object-96", "object-97", "object-98", "object-99", "object-100", "object-101", "object-102", "object-103", "object-104", "object-105", "object-106", "object-107", "object-108", "object-109", "object-110", "object-111", "object-112", "object-113", "object-114", "object-115", "object-116", "object-117", "object-118", "object-119", "object-120", "object-121", "object-122", "object-123", "object-124", "object-125", "object-126", "object-127", "object-128", "object-129", "object-130", "object-131", "object-132", "object-133", "object-134", "object-135", "object-136", "object-137", "object-138", "object-139", "object-140", "object-141", "object-142", "object-143", "object-144", "object-145", "object-146", "object-147", "object-148", "object-149", "object-150", "object-151", "object-152", "object-153", "object-154", "object-155", "object-156", "object-157", "object-158", "object-159", "object-160", "object-161", "object-162", "object-163", "object-164", "object-165", "object-166", "object-167", "object-168", "object-169", "object-170", "object-171", "object-172", "object-173", "object-174", "object-175", "object-176", "object-177", "object-178", "object-179", "object-180", "object-181", "object-182", "object-183", "object-184", "object-185", "object-186", "object-187", "object-188", "object-189", "object-190", "object-191", "object-192", "object-193", "object-194", "object-195", "object-196", "object-197", "object-198", "object-199", "object-200", "object-201", "object-202", "object-203", "object-204", "object-205", "object-206", "object-207", "object-208", "object-209", "object-210", "object-211", "object-212", "object-213", "object-214", "object-215", "object-216", "object-217", "object-218", "object-219", "object-220", "object-221", "object-222", "object-223", "object-224", "object-225", "object-226", "object-227", "object-228", "object-229", "object-230", "object-231", "object-232", "object-233", "object-234", "object-235", "object-236", "object-237", "object-238", "object-239", "object-240", "object-241", "object-242", "object-243", "object-244", "object-245", "object-246", "object-247", "object-248", "object-249", "object-250", "object-251", "object-252", "object-253", "object-254", "object-255", "object-256", "object-257", "object-258", "object-259", "object-260", "object-261", "object-262", "object-263", "object-264", "object-265", "object-266", "object-267", "object-268", "object-269", "object-270", "object-271", "object-272", "object-273", "object-274", "object-275", "object-276", "object-277", "object-278", "object-279", "object-280", "object-281", "object-282", "object-283", "object-284", "object-285", "object-286", "object-287", "object-288", "object-289", "object-290", "object-291", "object-292", "object-293", "object-294", "object-295", "object-296", "object-297", "object-298", "object-299", "object-300", "object-301", "object-302", "object-303", "object-304", "object-305", "object-306", "object-307", "object-308", "object-309", "object-310", "object-311", "object-312", "object-313", "object-314", "object-315", "object-316", "object-317", "object-318", "object-319", "object-320", "object-321", "object-322", "object-323", "object-324", "object-325", "object-326", "object-327", "object-328", "object-329", "object-330", "object-331", "object-332", "object-333", "object-334", "object-335", "object-336", "object-337", "object-338", "object-339", "object-340", "object-341", "object-342", "object-343", "object-344", "object-345", "object-346", "object-347", "object-348", "object-349", "object-350", "object-351", "object-352", "object-353", "object-354", "object-355", "object-356", "object-357", "object-358", "object-359", "object-360", "object-361", "object-362", "object-363", "object-364", "object-365", "object-366", "object-367", "object-368", "object-369", "object-370", "object-371", "object-372", "object-373", "object-374", "object-375", "object-376", "object-377", "object-378", "object-379", "object-380", "object-381", "object-382", "object-383", "object-384", "object-385", "object-386", "object-387", "object-388", "object-389", "object-390", "object-391", "object-392", "object-393", "object-394", "object-395", "object-396", "object-397", "object-398", "object-399", "object-400", "object-401", "object-402", "object-403", "object-404", "object-405", "object-406", "object-407", "object-408", "object-409", "object-410", "object-411", "object-412", "object-413", "object-414", "object-415", "object-416", "object-417", "object-418", "object-419", "object-420", "object-421", "object-422", "object-423", "object-424", "object-425", "object-426", "object-427", "object-428", "object-429", "object-430", "object-431", "object-432", "object-433", "object-434", "object-435", "object-436", "object-437", "object-438", "object-439", "object-440", "object-441", "object-442", "object-443", "object-444", "object-445", "object-446", "object-447", "object-448", "object-449", "object-450", "object-451", "object-452", "object-453", "object-454", "object-455", "object-456", "object-457", "object-458", "object-459", "object-460", "object-461", "object-462", "object-463", "object-464", "object-465", "object-466", "object-467", "object-468", "object-469", "object-470", "object-471", "object-472", "object-473", "object-474", "object-475", "object-476", "object-477", "object-478", "object-479", "object-480", "object-481", "object-482", "object-483", "object-484", "object-485", "object-486", "object-487", "object-488", "object-489", "object-490", "object-491", "object-492", "object-493", "object-494", "object-495", "object-496", "object-497", "object-498", "object-499", "object-500", "object-501", "object-502", "object-503", "object-504", "object-505", "object-506", "object-507", "object-508", "object-509", "object-510", "object-511", "object-512", "object-513", "object-514", "object-515", "object-516", "object-517", "object-518", "object-519", "object-520", "object-521", "object-522", "object-523", "object-524", "object-525", "object-526", "object-527", "object-528", "object-529", "object-530", "object-531", "object-532", "object-533", "object-534", "object-535", "object-536", "object-537", "object-538", "object-539", "object-540", "object-541", "object-542", "object-543", "object-544", "object-545", "object-546", "object-547", "object-548", "object-549", "object-550", "object-551", "object-552", "object-553", "object-554", "object-555", "object-556", "object-557", "object-558", "object-559", "object-560", "object-561", "object-562", "object-563", "object-564", "object-565", "object-566", "object-567", "object-568", "object-569", "object-570", "object-571", "object-572", "object-573", "object-574", "object-575", "object-576", "object-577", "object-578", "object-579", "object-580", "object-581", "object-582", "object-583", "object-584", "object-585", "object-586", "object-587", "object-588", "object-589", "object-590", "object-591", "object-592", "object-593", "object-594", "object-595", "object-596", "object-597", "object-598", "object-599", "object-600", "object-601", "object-602", "object-603", "object-604", "object-605", "object-606", "object-607", "object-608", "object-609", "object-610", "object-611", "object-612", "object-613", "object-614", "object-615", "object-616", "object-617", "object-618", "object-619", "object-620", "object-621", "object-622", "object-623", "object-624", "object-625", "object-626", "object-627", "object-628", "object-629", "object-630", "object-631", "object-632", "object-633", "object-634", "object-635", "object-636", "object-637", "object-638", "object-639", "object-640", "object-641", "object-642", "object-643", "object-644", "object-645", "object-646", "object-647", "object-648", "object-649", "object-650", "object-651", "object-652", "object-653", "object-654", "object-655", "object-656", "object-657", "object-658", "object-659", "object-660", "object-661", "object-662", "object-663", "object-664", "object-665", "object-666", "object-667", "object-668", "object-669", "object-670", "object-671", "object-672", "object-673", "object-674", "object-675", "object-676", "object-677", "object-678", "object-679", "object-680", "object-681", "object-682", "object-683", "object-684", "object-685", "object-686", "object-687", "object-688", "object-689", "object-690", "object-691", "object-692", "object-693", "object-694", "object-695", "object-696", "object-697", "object-698", "object-699", "object-700", "object-701", "object-702", "object-703", "object-704", "object-705", "object-706", "object-707", "object-708", "object-709", "object-710", "object-711", "object-712", "object-713", "object-714", "object-715", "object-716", "object-717", "object-718", "object-719", "object-720", "object-721", "object-722", "object-723", "object-724", "object-725", "object-726", "object-727", "object-728", "object-729", "object-730", "object-731", "object-732", "object-733", "object-734", "object-735", "object-736", "object-737", "object-738", "object-739", "object-740", "object-741", "object-742", "object-743", "object-744", "object-745", "object-746", "object-747", "object-748", "object-749", "object-750", "object-751", "object-752", "object-753", "object-754", "object-755", "object-756", "object-757", "object-758", "object-759", "object-760", "object-761", "object-762", "object-763", "object-764", "object-765", "object-766", "object-767", "object-768", "object-769", "object-770", "object-771", "object-772", "object-773", "object-774", "object-775", "object-776", "object-777", "object-778", "object-779", "object-780", "object-781", "object-782", "object-783", "object-784", "object-785", "object-786", "object-787", "object-788", "object-789", "object-790", "object-791", "object-792", "object-793", "object-794", "object-795", "object-796", "object-797", "object-798", "object-799", "object-800", "object-801", "object-802", "object-803", "object-804", "object-805", "object-806", "object-807", "object-808", "object-809", "object-810", "object-811", "object-812", "object-813", "object-814", "object-815", "object-816", "object-817", "object-818", "object-819", "object-820", "object-821", "object-822", "object-823", "object-824", "object-825", "object-826", "object-827", "object-828", "object-829", "object-830", "object-831", "object-832", "object-833", "object-834", "object-835", "object-836", "object-837", "object-838", "object-839", "object-840", "object-841", "object-842", "object-843", "object-844", "object-845", "object-846", "object-847", "object-848", "object-849", "object-850", "object-851", "object-852", "object-853", "object-854", "object-855", "object-856", "object-857", "object-858", "object-859", "object-860", "object-861", "object-862", "object-863", "object-864", "object-865", "object-866", "object-867", "object-868", "object-869", "object-870", "object-871", "object-872", "object-873", "object-874", "object-875", "object-876", "object-877", "object-878", "object-879", "object-880", "object-881", "object-882", "object-883", "object-884", "object-885", "object-886", "object-887", "object-888", "object-889", "object-890", "object-891", "object-892", "object-893", "object-894", "object-895", "object-896", "object-897", "object-898", "object-899", "object-900", "object-901", "object-902", "object-903", "object-904", "object-905", "object-906", "object-907", "object-908", "object-909", "object-910", "object-911", "object-912", "object-913", "object-914", "object-915", "object-916", "object-917", "object-918", "object-919", "object-920", "object-921", "object-922", "object-923", "object-924", "object-925", "object-926", "object-927", "object-928", "object-929", "object-930", "object-931", "object-932", "object-933", "object-934", "object-935", "object-936", "object-937", "object-938", "object-939", "object-940", "object-941", "object-942", "object-943", "object-944", "object-945", "object-946", "object-947", "object-948", "object-949", "object-950", "object-951", "object-952", "object-953", "object-954", "object-955", "object-956", "object-957", "object-958", "object-959", "object-960", "object-961", "object-962", "object-963", "object-964", "object-965", "object-966", "object-967", "object-968", "object-969", "object-970", "object-971", "object-972", "object-973", "object-974", "object-975", "object-976", "object-977", "object-978", "object-979", "object-980", "object-981", "object-982", "object-983", "object-984", "object-985", "object-986", "object-987", "object-988", "object-989", "object-990", "object-991", "object-992", "object-993", "object-994", "object-995", "object-996", "object-997", "object-998", "object-999", "object-1000"] saved=None
gui_job=9 elapsed_ms=13
render_frame interval_ms=34.190500 canvas_physical=1700x1470 selected=1000 preview=false revision=2
render_frame interval_ms=28.792208 canvas_physical=1700x1470 selected=1000 preview=false revision=3
render_frame interval_ms=33.560042 canvas_physical=1700x1470 selected=1000 preview=false revision=3
render_frame interval_ms=481.047041 canvas_physical=1700x1470 selected=1000 preview=false revision=3
render_frame interval_ms=1.552667 canvas_physical=1700x1470 selected=1000 preview=false revision=3
render_frame interval_ms=0.943875 canvas_physical=1700x1470 selected=1000 preview=false revision=3
display_rebuild=6 document=doc-1 revision=4 ppm=64 blocked=None
state document=doc-1 revision=4 workspace=0 dirty=false undo=0 redo=1 selected=["object-1", "object-2", "object-3", "object-4", "object-5", "object-6", "object-7", "object-8", "object-9", "object-10", "object-11", "object-12", "object-13", "object-14", "object-15", "object-16", "object-17", "object-18", "object-19", "object-20", "object-21", "object-22", "object-23", "object-24", "object-25", "object-26", "object-27", "object-28", "object-29", "object-30", "object-31", "object-32", "object-33", "object-34", "object-35", "object-36", "object-37", "object-38", "object-39", "object-40", "object-41", "object-42", "object-43", "object-44", "object-45", "object-46", "object-47", "object-48", "object-49", "object-50", "object-51", "object-52", "object-53", "object-54", "object-55", "object-56", "object-57", "object-58", "object-59", "object-60", "object-61", "object-62", "object-63", "object-64", "object-65", "object-66", "object-67", "object-68", "object-69", "object-70", "object-71", "object-72", "object-73", "object-74", "object-75", "object-76", "object-77", "object-78", "object-79", "object-80", "object-81", "object-82", "object-83", "object-84", "object-85", "object-86", "object-87", "object-88", "object-89", "object-90", "object-91", "object-92", "object-93", "object-94", "object-95", "object-96", "object-97", "object-98", "object-99", "object-100", "object-101", "object-102", "object-103", "object-104", "object-105", "object-106", "object-107", "object-108", "object-109", "object-110", "object-111", "object-112", "object-113", "object-114", "object-115", "object-116", "object-117", "object-118", "object-119", "object-120", "object-121", "object-122", "object-123", "object-124", "object-125", "object-126", "object-127", "object-128", "object-129", "object-130", "object-131", "object-132", "object-133", "object-134", "object-135", "object-136", "object-137", "object-138", "object-139", "object-140", "object-141", "object-142", "object-143", "object-144", "object-145", "object-146", "object-147", "object-148", "object-149", "object-150", "object-151", "object-152", "object-153", "object-154", "object-155", "object-156", "object-157", "object-158", "object-159", "object-160", "object-161", "object-162", "object-163", "object-164", "object-165", "object-166", "object-167", "object-168", "object-169", "object-170", "object-171", "object-172", "object-173", "object-174", "object-175", "object-176", "object-177", "object-178", "object-179", "object-180", "object-181", "object-182", "object-183", "object-184", "object-185", "object-186", "object-187", "object-188", "object-189", "object-190", "object-191", "object-192", "object-193", "object-194", "object-195", "object-196", "object-197", "object-198", "object-199", "object-200", "object-201", "object-202", "object-203", "object-204", "object-205", "object-206", "object-207", "object-208", "object-209", "object-210", "object-211", "object-212", "object-213", "object-214", "object-215", "object-216", "object-217", "object-218", "object-219", "object-220", "object-221", "object-222", "object-223", "object-224", "object-225", "object-226", "object-227", "object-228", "object-229", "object-230", "object-231", "object-232", "object-233", "object-234", "object-235", "object-236", "object-237", "object-238", "object-239", "object-240", "object-241", "object-242", "object-243", "object-244", "object-245", "object-246", "object-247", "object-248", "object-249", "object-250", "object-251", "object-252", "object-253", "object-254", "object-255", "object-256", "object-257", "object-258", "object-259", "object-260", "object-261", "object-262", "object-263", "object-264", "object-265", "object-266", "object-267", "object-268", "object-269", "object-270", "object-271", "object-272", "object-273", "object-274", "object-275", "object-276", "object-277", "object-278", "object-279", "object-280", "object-281", "object-282", "object-283", "object-284", "object-285", "object-286", "object-287", "object-288", "object-289", "object-290", "object-291", "object-292", "object-293", "object-294", "object-295", "object-296", "object-297", "object-298", "object-299", "object-300", "object-301", "object-302", "object-303", "object-304", "object-305", "object-306", "object-307", "object-308", "object-309", "object-310", "object-311", "object-312", "object-313", "object-314", "object-315", "object-316", "object-317", "object-318", "object-319", "object-320", "object-321", "object-322", "object-323", "object-324", "object-325", "object-326", "object-327", "object-328", "object-329", "object-330", "object-331", "object-332", "object-333", "object-334", "object-335", "object-336", "object-337", "object-338", "object-339", "object-340", "object-341", "object-342", "object-343", "object-344", "object-345", "object-346", "object-347", "object-348", "object-349", "object-350", "object-351", "object-352", "object-353", "object-354", "object-355", "object-356", "object-357", "object-358", "object-359", "object-360", "object-361", "object-362", "object-363", "object-364", "object-365", "object-366", "object-367", "object-368", "object-369", "object-370", "object-371", "object-372", "object-373", "object-374", "object-375", "object-376", "object-377", "object-378", "object-379", "object-380", "object-381", "object-382", "object-383", "object-384", "object-385", "object-386", "object-387", "object-388", "object-389", "object-390", "object-391", "object-392", "object-393", "object-394", "object-395", "object-396", "object-397", "object-398", "object-399", "object-400", "object-401", "object-402", "object-403", "object-404", "object-405", "object-406", "object-407", "object-408", "object-409", "object-410", "object-411", "object-412", "object-413", "object-414", "object-415", "object-416", "object-417", "object-418", "object-419", "object-420", "object-421", "object-422", "object-423", "object-424", "object-425", "object-426", "object-427", "object-428", "object-429", "object-430", "object-431", "object-432", "object-433", "object-434", "object-435", "object-436", "object-437", "object-438", "object-439", "object-440", "object-441", "object-442", "object-443", "object-444", "object-445", "object-446", "object-447", "object-448", "object-449", "object-450", "object-451", "object-452", "object-453", "object-454", "object-455", "object-456", "object-457", "object-458", "object-459", "object-460", "object-461", "object-462", "object-463", "object-464", "object-465", "object-466", "object-467", "object-468", "object-469", "object-470", "object-471", "object-472", "object-473", "object-474", "object-475", "object-476", "object-477", "object-478", "object-479", "object-480", "object-481", "object-482", "object-483", "object-484", "object-485", "object-486", "object-487", "object-488", "object-489", "object-490", "object-491", "object-492", "object-493", "object-494", "object-495", "object-496", "object-497", "object-498", "object-499", "object-500", "object-501", "object-502", "object-503", "object-504", "object-505", "object-506", "object-507", "object-508", "object-509", "object-510", "object-511", "object-512", "object-513", "object-514", "object-515", "object-516", "object-517", "object-518", "object-519", "object-520", "object-521", "object-522", "object-523", "object-524", "object-525", "object-526", "object-527", "object-528", "object-529", "object-530", "object-531", "object-532", "object-533", "object-534", "object-535", "object-536", "object-537", "object-538", "object-539", "object-540", "object-541", "object-542", "object-543", "object-544", "object-545", "object-546", "object-547", "object-548", "object-549", "object-550", "object-551", "object-552", "object-553", "object-554", "object-555", "object-556", "object-557", "object-558", "object-559", "object-560", "object-561", "object-562", "object-563", "object-564", "object-565", "object-566", "object-567", "object-568", "object-569", "object-570", "object-571", "object-572", "object-573", "object-574", "object-575", "object-576", "object-577", "object-578", "object-579", "object-580", "object-581", "object-582", "object-583", "object-584", "object-585", "object-586", "object-587", "object-588", "object-589", "object-590", "object-591", "object-592", "object-593", "object-594", "object-595", "object-596", "object-597", "object-598", "object-599", "object-600", "object-601", "object-602", "object-603", "object-604", "object-605", "object-606", "object-607", "object-608", "object-609", "object-610", "object-611", "object-612", "object-613", "object-614", "object-615", "object-616", "object-617", "object-618", "object-619", "object-620", "object-621", "object-622", "object-623", "object-624", "object-625", "object-626", "object-627", "object-628", "object-629", "object-630", "object-631", "object-632", "object-633", "object-634", "object-635", "object-636", "object-637", "object-638", "object-639", "object-640", "object-641", "object-642", "object-643", "object-644", "object-645", "object-646", "object-647", "object-648", "object-649", "object-650", "object-651", "object-652", "object-653", "object-654", "object-655", "object-656", "object-657", "object-658", "object-659", "object-660", "object-661", "object-662", "object-663", "object-664", "object-665", "object-666", "object-667", "object-668", "object-669", "object-670", "object-671", "object-672", "object-673", "object-674", "object-675", "object-676", "object-677", "object-678", "object-679", "object-680", "object-681", "object-682", "object-683", "object-684", "object-685", "object-686", "object-687", "object-688", "object-689", "object-690", "object-691", "object-692", "object-693", "object-694", "object-695", "object-696", "object-697", "object-698", "object-699", "object-700", "object-701", "object-702", "object-703", "object-704", "object-705", "object-706", "object-707", "object-708", "object-709", "object-710", "object-711", "object-712", "object-713", "object-714", "object-715", "object-716", "object-717", "object-718", "object-719", "object-720", "object-721", "object-722", "object-723", "object-724", "object-725", "object-726", "object-727", "object-728", "object-729", "object-730", "object-731", "object-732", "object-733", "object-734", "object-735", "object-736", "object-737", "object-738", "object-739", "object-740", "object-741", "object-742", "object-743", "object-744", "object-745", "object-746", "object-747", "object-748", "object-749", "object-750", "object-751", "object-752", "object-753", "object-754", "object-755", "object-756", "object-757", "object-758", "object-759", "object-760", "object-761", "object-762", "object-763", "object-764", "object-765", "object-766", "object-767", "object-768", "object-769", "object-770", "object-771", "object-772", "object-773", "object-774", "object-775", "object-776", "object-777", "object-778", "object-779", "object-780", "object-781", "object-782", "object-783", "object-784", "object-785", "object-786", "object-787", "object-788", "object-789", "object-790", "object-791", "object-792", "object-793", "object-794", "object-795", "object-796", "object-797", "object-798", "object-799", "object-800", "object-801", "object-802", "object-803", "object-804", "object-805", "object-806", "object-807", "object-808", "object-809", "object-810", "object-811", "object-812", "object-813", "object-814", "object-815", "object-816", "object-817", "object-818", "object-819", "object-820", "object-821", "object-822", "object-823", "object-824", "object-825", "object-826", "object-827", "object-828", "object-829", "object-830", "object-831", "object-832", "object-833", "object-834", "object-835", "object-836", "object-837", "object-838", "object-839", "object-840", "object-841", "object-842", "object-843", "object-844", "object-845", "object-846", "object-847", "object-848", "object-849", "object-850", "object-851", "object-852", "object-853", "object-854", "object-855", "object-856", "object-857", "object-858", "object-859", "object-860", "object-861", "object-862", "object-863", "object-864", "object-865", "object-866", "object-867", "object-868", "object-869", "object-870", "object-871", "object-872", "object-873", "object-874", "object-875", "object-876", "object-877", "object-878", "object-879", "object-880", "object-881", "object-882", "object-883", "object-884", "object-885", "object-886", "object-887", "object-888", "object-889", "object-890", "object-891", "object-892", "object-893", "object-894", "object-895", "object-896", "object-897", "object-898", "object-899", "object-900", "object-901", "object-902", "object-903", "object-904", "object-905", "object-906", "object-907", "object-908", "object-909", "object-910", "object-911", "object-912", "object-913", "object-914", "object-915", "object-916", "object-917", "object-918", "object-919", "object-920", "object-921", "object-922", "object-923", "object-924", "object-925", "object-926", "object-927", "object-928", "object-929", "object-930", "object-931", "object-932", "object-933", "object-934", "object-935", "object-936", "object-937", "object-938", "object-939", "object-940", "object-941", "object-942", "object-943", "object-944", "object-945", "object-946", "object-947", "object-948", "object-949", "object-950", "object-951", "object-952", "object-953", "object-954", "object-955", "object-956", "object-957", "object-958", "object-959", "object-960", "object-961", "object-962", "object-963", "object-964", "object-965", "object-966", "object-967", "object-968", "object-969", "object-970", "object-971", "object-972", "object-973", "object-974", "object-975", "object-976", "object-977", "object-978", "object-979", "object-980", "object-981", "object-982", "object-983", "object-984", "object-985", "object-986", "object-987", "object-988", "object-989", "object-990", "object-991", "object-992", "object-993", "object-994", "object-995", "object-996", "object-997", "object-998", "object-999", "object-1000"] saved=None
gui_job=10 elapsed_ms=15
render_frame interval_ms=87.186917 canvas_physical=1700x1470 selected=1000 preview=false revision=3
render_frame interval_ms=3.687541 canvas_physical=1700x1470 selected=1000 preview=false revision=4
render_frame interval_ms=80.063084 canvas_physical=1700x1470 selected=1000 preview=false revision=4
render_frame interval_ms=470.225041 canvas_physical=1700x1470 selected=1000 preview=false revision=4
render_frame interval_ms=1.731167 canvas_physical=1700x1470 selected=1000 preview=false revision=4
render_frame interval_ms=0.601083 canvas_physical=1700x1470 selected=1000 preview=false revision=4
render_frame interval_ms=94.830542 canvas_physical=1700x1470 selected=1000 preview=false revision=4
state document=doc-1 revision=4 workspace=0 dirty=false undo=0 redo=1 selected=["object-1", "object-2", "object-3", "object-4", "object-5", "object-6", "object-7", "object-8", "object-9", "object-10", "object-11", "object-12", "object-13", "object-14", "object-15", "object-16", "object-17", "object-18", "object-19", "object-20", "object-21", "object-22", "object-23", "object-24", "object-25", "object-26", "object-27", "object-28", "object-29", "object-30", "object-31", "object-32", "object-33", "object-34", "object-35", "object-36", "object-37", "object-38", "object-39", "object-40", "object-41", "object-42", "object-43", "object-44", "object-45", "object-46", "object-47", "object-48", "object-49", "object-50", "object-51", "object-52", "object-53", "object-54", "object-55", "object-56", "object-57", "object-58", "object-59", "object-60", "object-61", "object-62", "object-63", "object-64", "object-65", "object-66", "object-67", "object-68", "object-69", "object-70", "object-71", "object-72", "object-73", "object-74", "object-75", "object-76", "object-77", "object-78", "object-79", "object-80", "object-81", "object-82", "object-83", "object-84", "object-85", "object-86", "object-87", "object-88", "object-89", "object-90", "object-91", "object-92", "object-93", "object-94", "object-95", "object-96", "object-97", "object-98", "object-99", "object-100", "object-101", "object-102", "object-103", "object-104", "object-105", "object-106", "object-107", "object-108", "object-109", "object-110", "object-111", "object-112", "object-113", "object-114", "object-115", "object-116", "object-117", "object-118", "object-119", "object-120", "object-121", "object-122", "object-123", "object-124", "object-125", "object-126", "object-127", "object-128", "object-129", "object-130", "object-131", "object-132", "object-133", "object-134", "object-135", "object-136", "object-137", "object-138", "object-139", "object-140", "object-141", "object-142", "object-143", "object-144", "object-145", "object-146", "object-147", "object-148", "object-149", "object-150", "object-151", "object-152", "object-153", "object-154", "object-155", "object-156", "object-157", "object-158", "object-159", "object-160", "object-161", "object-162", "object-163", "object-164", "object-165", "object-166", "object-167", "object-168", "object-169", "object-170", "object-171", "object-172", "object-173", "object-174", "object-175", "object-176", "object-177", "object-178", "object-179", "object-180", "object-181", "object-182", "object-183", "object-184", "object-185", "object-186", "object-187", "object-188", "object-189", "object-190", "object-191", "object-192", "object-193", "object-194", "object-195", "object-196", "object-197", "object-198", "object-199", "object-200", "object-201", "object-202", "object-203", "object-204", "object-205", "object-206", "object-207", "object-208", "object-209", "object-210", "object-211", "object-212", "object-213", "object-214", "object-215", "object-216", "object-217", "object-218", "object-219", "object-220", "object-221", "object-222", "object-223", "object-224", "object-225", "object-226", "object-227", "object-228", "object-229", "object-230", "object-231", "object-232", "object-233", "object-234", "object-235", "object-236", "object-237", "object-238", "object-239", "object-240", "object-241", "object-242", "object-243", "object-244", "object-245", "object-246", "object-247", "object-248", "object-249", "object-250", "object-251", "object-252", "object-253", "object-254", "object-255", "object-256", "object-257", "object-258", "object-259", "object-260", "object-261", "object-262", "object-263", "object-264", "object-265", "object-266", "object-267", "object-268", "object-269", "object-270", "object-271", "object-272", "object-273", "object-274", "object-275", "object-276", "object-277", "object-278", "object-279", "object-280", "object-281", "object-282", "object-283", "object-284", "object-285", "object-286", "object-287", "object-288", "object-289", "object-290", "object-291", "object-292", "object-293", "object-294", "object-295", "object-296", "object-297", "object-298", "object-299", "object-300", "object-301", "object-302", "object-303", "object-304", "object-305", "object-306", "object-307", "object-308", "object-309", "object-310", "object-311", "object-312", "object-313", "object-314", "object-315", "object-316", "object-317", "object-318", "object-319", "object-320", "object-321", "object-322", "object-323", "object-324", "object-325", "object-326", "object-327", "object-328", "object-329", "object-330", "object-331", "object-332", "object-333", "object-334", "object-335", "object-336", "object-337", "object-338", "object-339", "object-340", "object-341", "object-342", "object-343", "object-344", "object-345", "object-346", "object-347", "object-348", "object-349", "object-350", "object-351", "object-352", "object-353", "object-354", "object-355", "object-356", "object-357", "object-358", "object-359", "object-360", "object-361", "object-362", "object-363", "object-364", "object-365", "object-366", "object-367", "object-368", "object-369", "object-370", "object-371", "object-372", "object-373", "object-374", "object-375", "object-376", "object-377", "object-378", "object-379", "object-380", "object-381", "object-382", "object-383", "object-384", "object-385", "object-386", "object-387", "object-388", "object-389", "object-390", "object-391", "object-392", "object-393", "object-394", "object-395", "object-396", "object-397", "object-398", "object-399", "object-400", "object-401", "object-402", "object-403", "object-404", "object-405", "object-406", "object-407", "object-408", "object-409", "object-410", "object-411", "object-412", "object-413", "object-414", "object-415", "object-416", "object-417", "object-418", "object-419", "object-420", "object-421", "object-422", "object-423", "object-424", "object-425", "object-426", "object-427", "object-428", "object-429", "object-430", "object-431", "object-432", "object-433", "object-434", "object-435", "object-436", "object-437", "object-438", "object-439", "object-440", "object-441", "object-442", "object-443", "object-444", "object-445", "object-446", "object-447", "object-448", "object-449", "object-450", "object-451", "object-452", "object-453", "object-454", "object-455", "object-456", "object-457", "object-458", "object-459", "object-460", "object-461", "object-462", "object-463", "object-464", "object-465", "object-466", "object-467", "object-468", "object-469", "object-470", "object-471", "object-472", "object-473", "object-474", "object-475", "object-476", "object-477", "object-478", "object-479", "object-480", "object-481", "object-482", "object-483", "object-484", "object-485", "object-486", "object-487", "object-488", "object-489", "object-490", "object-491", "object-492", "object-493", "object-494", "object-495", "object-496", "object-497", "object-498", "object-499", "object-500", "object-501", "object-502", "object-503", "object-504", "object-505", "object-506", "object-507", "object-508", "object-509", "object-510", "object-511", "object-512", "object-513", "object-514", "object-515", "object-516", "object-517", "object-518", "object-519", "object-520", "object-521", "object-522", "object-523", "object-524", "object-525", "object-526", "object-527", "object-528", "object-529", "object-530", "object-531", "object-532", "object-533", "object-534", "object-535", "object-536", "object-537", "object-538", "object-539", "object-540", "object-541", "object-542", "object-543", "object-544", "object-545", "object-546", "object-547", "object-548", "object-549", "object-550", "object-551", "object-552", "object-553", "object-554", "object-555", "object-556", "object-557", "object-558", "object-559", "object-560", "object-561", "object-562", "object-563", "object-564", "object-565", "object-566", "object-567", "object-568", "object-569", "object-570", "object-571", "object-572", "object-573", "object-574", "object-575", "object-576", "object-577", "object-578", "object-579", "object-580", "object-581", "object-582", "object-583", "object-584", "object-585", "object-586", "object-587", "object-588", "object-589", "object-590", "object-591", "object-592", "object-593", "object-594", "object-595", "object-596", "object-597", "object-598", "object-599", "object-600", "object-601", "object-602", "object-603", "object-604", "object-605", "object-606", "object-607", "object-608", "object-609", "object-610", "object-611", "object-612", "object-613", "object-614", "object-615", "object-616", "object-617", "object-618", "object-619", "object-620", "object-621", "object-622", "object-623", "object-624", "object-625", "object-626", "object-627", "object-628", "object-629", "object-630", "object-631", "object-632", "object-633", "object-634", "object-635", "object-636", "object-637", "object-638", "object-639", "object-640", "object-641", "object-642", "object-643", "object-644", "object-645", "object-646", "object-647", "object-648", "object-649", "object-650", "object-651", "object-652", "object-653", "object-654", "object-655", "object-656", "object-657", "object-658", "object-659", "object-660", "object-661", "object-662", "object-663", "object-664", "object-665", "object-666", "object-667", "object-668", "object-669", "object-670", "object-671", "object-672", "object-673", "object-674", "object-675", "object-676", "object-677", "object-678", "object-679", "object-680", "object-681", "object-682", "object-683", "object-684", "object-685", "object-686", "object-687", "object-688", "object-689", "object-690", "object-691", "object-692", "object-693", "object-694", "object-695", "object-696", "object-697", "object-698", "object-699", "object-700", "object-701", "object-702", "object-703", "object-704", "object-705", "object-706", "object-707", "object-708", "object-709", "object-710", "object-711", "object-712", "object-713", "object-714", "object-715", "object-716", "object-717", "object-718", "object-719", "object-720", "object-721", "object-722", "object-723", "object-724", "object-725", "object-726", "object-727", "object-728", "object-729", "object-730", "object-731", "object-732", "object-733", "object-734", "object-735", "object-736", "object-737", "object-738", "object-739", "object-740", "object-741", "object-742", "object-743", "object-744", "object-745", "object-746", "object-747", "object-748", "object-749", "object-750", "object-751", "object-752", "object-753", "object-754", "object-755", "object-756", "object-757", "object-758", "object-759", "object-760", "object-761", "object-762", "object-763", "object-764", "object-765", "object-766", "object-767", "object-768", "object-769", "object-770", "object-771", "object-772", "object-773", "object-774", "object-775", "object-776", "object-777", "object-778", "object-779", "object-780", "object-781", "object-782", "object-783", "object-784", "object-785", "object-786", "object-787", "object-788", "object-789", "object-790", "object-791", "object-792", "object-793", "object-794", "object-795", "object-796", "object-797", "object-798", "object-799", "object-800", "object-801", "object-802", "object-803", "object-804", "object-805", "object-806", "object-807", "object-808", "object-809", "object-810", "object-811", "object-812", "object-813", "object-814", "object-815", "object-816", "object-817", "object-818", "object-819", "object-820", "object-821", "object-822", "object-823", "object-824", "object-825", "object-826", "object-827", "object-828", "object-829", "object-830", "object-831", "object-832", "object-833", "object-834", "object-835", "object-836", "object-837", "object-838", "object-839", "object-840", "object-841", "object-842", "object-843", "object-844", "object-845", "object-846", "object-847", "object-848", "object-849", "object-850", "object-851", "object-852", "object-853", "object-854", "object-855", "object-856", "object-857", "object-858", "object-859", "object-860", "object-861", "object-862", "object-863", "object-864", "object-865", "object-866", "object-867", "object-868", "object-869", "object-870", "object-871", "object-872", "object-873", "object-874", "object-875", "object-876", "object-877", "object-878", "object-879", "object-880", "object-881", "object-882", "object-883", "object-884", "object-885", "object-886", "object-887", "object-888", "object-889", "object-890", "object-891", "object-892", "object-893", "object-894", "object-895", "object-896", "object-897", "object-898", "object-899", "object-900", "object-901", "object-902", "object-903", "object-904", "object-905", "object-906", "object-907", "object-908", "object-909", "object-910", "object-911", "object-912", "object-913", "object-914", "object-915", "object-916", "object-917", "object-918", "object-919", "object-920", "object-921", "object-922", "object-923", "object-924", "object-925", "object-926", "object-927", "object-928", "object-929", "object-930", "object-931", "object-932", "object-933", "object-934", "object-935", "object-936", "object-937", "object-938", "object-939", "object-940", "object-941", "object-942", "object-943", "object-944", "object-945", "object-946", "object-947", "object-948", "object-949", "object-950", "object-951", "object-952", "object-953", "object-954", "object-955", "object-956", "object-957", "object-958", "object-959", "object-960", "object-961", "object-962", "object-963", "object-964", "object-965", "object-966", "object-967", "object-968", "object-969", "object-970", "object-971", "object-972", "object-973", "object-974", "object-975", "object-976", "object-977", "object-978", "object-979", "object-980", "object-981", "object-982", "object-983", "object-984", "object-985", "object-986", "object-987", "object-988", "object-989", "object-990", "object-991", "object-992", "object-993", "object-994", "object-995", "object-996", "object-997", "object-998", "object-999", "object-1000"] saved=None
render_frame interval_ms=0.998333 canvas_physical=1700x1470 selected=1000 preview=true revision=4
gui_job=11 elapsed_ms=6
render_frame interval_ms=75.941542 canvas_physical=1700x1470 selected=1000 preview=true revision=4
display_rebuild=7 document=doc-1 revision=5 ppm=64 blocked=None
state document=doc-1 revision=5 workspace=0 dirty=true undo=1 redo=0 selected=["object-1", "object-2", "object-3", "object-4", "object-5", "object-6", "object-7", "object-8", "object-9", "object-10", "object-11", "object-12", "object-13", "object-14", "object-15", "object-16", "object-17", "object-18", "object-19", "object-20", "object-21", "object-22", "object-23", "object-24", "object-25", "object-26", "object-27", "object-28", "object-29", "object-30", "object-31", "object-32", "object-33", "object-34", "object-35", "object-36", "object-37", "object-38", "object-39", "object-40", "object-41", "object-42", "object-43", "object-44", "object-45", "object-46", "object-47", "object-48", "object-49", "object-50", "object-51", "object-52", "object-53", "object-54", "object-55", "object-56", "object-57", "object-58", "object-59", "object-60", "object-61", "object-62", "object-63", "object-64", "object-65", "object-66", "object-67", "object-68", "object-69", "object-70", "object-71", "object-72", "object-73", "object-74", "object-75", "object-76", "object-77", "object-78", "object-79", "object-80", "object-81", "object-82", "object-83", "object-84", "object-85", "object-86", "object-87", "object-88", "object-89", "object-90", "object-91", "object-92", "object-93", "object-94", "object-95", "object-96", "object-97", "object-98", "object-99", "object-100", "object-101", "object-102", "object-103", "object-104", "object-105", "object-106", "object-107", "object-108", "object-109", "object-110", "object-111", "object-112", "object-113", "object-114", "object-115", "object-116", "object-117", "object-118", "object-119", "object-120", "object-121", "object-122", "object-123", "object-124", "object-125", "object-126", "object-127", "object-128", "object-129", "object-130", "object-131", "object-132", "object-133", "object-134", "object-135", "object-136", "object-137", "object-138", "object-139", "object-140", "object-141", "object-142", "object-143", "object-144", "object-145", "object-146", "object-147", "object-148", "object-149", "object-150", "object-151", "object-152", "object-153", "object-154", "object-155", "object-156", "object-157", "object-158", "object-159", "object-160", "object-161", "object-162", "object-163", "object-164", "object-165", "object-166", "object-167", "object-168", "object-169", "object-170", "object-171", "object-172", "object-173", "object-174", "object-175", "object-176", "object-177", "object-178", "object-179", "object-180", "object-181", "object-182", "object-183", "object-184", "object-185", "object-186", "object-187", "object-188", "object-189", "object-190", "object-191", "object-192", "object-193", "object-194", "object-195", "object-196", "object-197", "object-198", "object-199", "object-200", "object-201", "object-202", "object-203", "object-204", "object-205", "object-206", "object-207", "object-208", "object-209", "object-210", "object-211", "object-212", "object-213", "object-214", "object-215", "object-216", "object-217", "object-218", "object-219", "object-220", "object-221", "object-222", "object-223", "object-224", "object-225", "object-226", "object-227", "object-228", "object-229", "object-230", "object-231", "object-232", "object-233", "object-234", "object-235", "object-236", "object-237", "object-238", "object-239", "object-240", "object-241", "object-242", "object-243", "object-244", "object-245", "object-246", "object-247", "object-248", "object-249", "object-250", "object-251", "object-252", "object-253", "object-254", "object-255", "object-256", "object-257", "object-258", "object-259", "object-260", "object-261", "object-262", "object-263", "object-264", "object-265", "object-266", "object-267", "object-268", "object-269", "object-270", "object-271", "object-272", "object-273", "object-274", "object-275", "object-276", "object-277", "object-278", "object-279", "object-280", "object-281", "object-282", "object-283", "object-284", "object-285", "object-286", "object-287", "object-288", "object-289", "object-290", "object-291", "object-292", "object-293", "object-294", "object-295", "object-296", "object-297", "object-298", "object-299", "object-300", "object-301", "object-302", "object-303", "object-304", "object-305", "object-306", "object-307", "object-308", "object-309", "object-310", "object-311", "object-312", "object-313", "object-314", "object-315", "object-316", "object-317", "object-318", "object-319", "object-320", "object-321", "object-322", "object-323", "object-324", "object-325", "object-326", "object-327", "object-328", "object-329", "object-330", "object-331", "object-332", "object-333", "object-334", "object-335", "object-336", "object-337", "object-338", "object-339", "object-340", "object-341", "object-342", "object-343", "object-344", "object-345", "object-346", "object-347", "object-348", "object-349", "object-350", "object-351", "object-352", "object-353", "object-354", "object-355", "object-356", "object-357", "object-358", "object-359", "object-360", "object-361", "object-362", "object-363", "object-364", "object-365", "object-366", "object-367", "object-368", "object-369", "object-370", "object-371", "object-372", "object-373", "object-374", "object-375", "object-376", "object-377", "object-378", "object-379", "object-380", "object-381", "object-382", "object-383", "object-384", "object-385", "object-386", "object-387", "object-388", "object-389", "object-390", "object-391", "object-392", "object-393", "object-394", "object-395", "object-396", "object-397", "object-398", "object-399", "object-400", "object-401", "object-402", "object-403", "object-404", "object-405", "object-406", "object-407", "object-408", "object-409", "object-410", "object-411", "object-412", "object-413", "object-414", "object-415", "object-416", "object-417", "object-418", "object-419", "object-420", "object-421", "object-422", "object-423", "object-424", "object-425", "object-426", "object-427", "object-428", "object-429", "object-430", "object-431", "object-432", "object-433", "object-434", "object-435", "object-436", "object-437", "object-438", "object-439", "object-440", "object-441", "object-442", "object-443", "object-444", "object-445", "object-446", "object-447", "object-448", "object-449", "object-450", "object-451", "object-452", "object-453", "object-454", "object-455", "object-456", "object-457", "object-458", "object-459", "object-460", "object-461", "object-462", "object-463", "object-464", "object-465", "object-466", "object-467", "object-468", "object-469", "object-470", "object-471", "object-472", "object-473", "object-474", "object-475", "object-476", "object-477", "object-478", "object-479", "object-480", "object-481", "object-482", "object-483", "object-484", "object-485", "object-486", "object-487", "object-488", "object-489", "object-490", "object-491", "object-492", "object-493", "object-494", "object-495", "object-496", "object-497", "object-498", "object-499", "object-500", "object-501", "object-502", "object-503", "object-504", "object-505", "object-506", "object-507", "object-508", "object-509", "object-510", "object-511", "object-512", "object-513", "object-514", "object-515", "object-516", "object-517", "object-518", "object-519", "object-520", "object-521", "object-522", "object-523", "object-524", "object-525", "object-526", "object-527", "object-528", "object-529", "object-530", "object-531", "object-532", "object-533", "object-534", "object-535", "object-536", "object-537", "object-538", "object-539", "object-540", "object-541", "object-542", "object-543", "object-544", "object-545", "object-546", "object-547", "object-548", "object-549", "object-550", "object-551", "object-552", "object-553", "object-554", "object-555", "object-556", "object-557", "object-558", "object-559", "object-560", "object-561", "object-562", "object-563", "object-564", "object-565", "object-566", "object-567", "object-568", "object-569", "object-570", "object-571", "object-572", "object-573", "object-574", "object-575", "object-576", "object-577", "object-578", "object-579", "object-580", "object-581", "object-582", "object-583", "object-584", "object-585", "object-586", "object-587", "object-588", "object-589", "object-590", "object-591", "object-592", "object-593", "object-594", "object-595", "object-596", "object-597", "object-598", "object-599", "object-600", "object-601", "object-602", "object-603", "object-604", "object-605", "object-606", "object-607", "object-608", "object-609", "object-610", "object-611", "object-612", "object-613", "object-614", "object-615", "object-616", "object-617", "object-618", "object-619", "object-620", "object-621", "object-622", "object-623", "object-624", "object-625", "object-626", "object-627", "object-628", "object-629", "object-630", "object-631", "object-632", "object-633", "object-634", "object-635", "object-636", "object-637", "object-638", "object-639", "object-640", "object-641", "object-642", "object-643", "object-644", "object-645", "object-646", "object-647", "object-648", "object-649", "object-650", "object-651", "object-652", "object-653", "object-654", "object-655", "object-656", "object-657", "object-658", "object-659", "object-660", "object-661", "object-662", "object-663", "object-664", "object-665", "object-666", "object-667", "object-668", "object-669", "object-670", "object-671", "object-672", "object-673", "object-674", "object-675", "object-676", "object-677", "object-678", "object-679", "object-680", "object-681", "object-682", "object-683", "object-684", "object-685", "object-686", "object-687", "object-688", "object-689", "object-690", "object-691", "object-692", "object-693", "object-694", "object-695", "object-696", "object-697", "object-698", "object-699", "object-700", "object-701", "object-702", "object-703", "object-704", "object-705", "object-706", "object-707", "object-708", "object-709", "object-710", "object-711", "object-712", "object-713", "object-714", "object-715", "object-716", "object-717", "object-718", "object-719", "object-720", "object-721", "object-722", "object-723", "object-724", "object-725", "object-726", "object-727", "object-728", "object-729", "object-730", "object-731", "object-732", "object-733", "object-734", "object-735", "object-736", "object-737", "object-738", "object-739", "object-740", "object-741", "object-742", "object-743", "object-744", "object-745", "object-746", "object-747", "object-748", "object-749", "object-750", "object-751", "object-752", "object-753", "object-754", "object-755", "object-756", "object-757", "object-758", "object-759", "object-760", "object-761", "object-762", "object-763", "object-764", "object-765", "object-766", "object-767", "object-768", "object-769", "object-770", "object-771", "object-772", "object-773", "object-774", "object-775", "object-776", "object-777", "object-778", "object-779", "object-780", "object-781", "object-782", "object-783", "object-784", "object-785", "object-786", "object-787", "object-788", "object-789", "object-790", "object-791", "object-792", "object-793", "object-794", "object-795", "object-796", "object-797", "object-798", "object-799", "object-800", "object-801", "object-802", "object-803", "object-804", "object-805", "object-806", "object-807", "object-808", "object-809", "object-810", "object-811", "object-812", "object-813", "object-814", "object-815", "object-816", "object-817", "object-818", "object-819", "object-820", "object-821", "object-822", "object-823", "object-824", "object-825", "object-826", "object-827", "object-828", "object-829", "object-830", "object-831", "object-832", "object-833", "object-834", "object-835", "object-836", "object-837", "object-838", "object-839", "object-840", "object-841", "object-842", "object-843", "object-844", "object-845", "object-846", "object-847", "object-848", "object-849", "object-850", "object-851", "object-852", "object-853", "object-854", "object-855", "object-856", "object-857", "object-858", "object-859", "object-860", "object-861", "object-862", "object-863", "object-864", "object-865", "object-866", "object-867", "object-868", "object-869", "object-870", "object-871", "object-872", "object-873", "object-874", "object-875", "object-876", "object-877", "object-878", "object-879", "object-880", "object-881", "object-882", "object-883", "object-884", "object-885", "object-886", "object-887", "object-888", "object-889", "object-890", "object-891", "object-892", "object-893", "object-894", "object-895", "object-896", "object-897", "object-898", "object-899", "object-900", "object-901", "object-902", "object-903", "object-904", "object-905", "object-906", "object-907", "object-908", "object-909", "object-910", "object-911", "object-912", "object-913", "object-914", "object-915", "object-916", "object-917", "object-918", "object-919", "object-920", "object-921", "object-922", "object-923", "object-924", "object-925", "object-926", "object-927", "object-928", "object-929", "object-930", "object-931", "object-932", "object-933", "object-934", "object-935", "object-936", "object-937", "object-938", "object-939", "object-940", "object-941", "object-942", "object-943", "object-944", "object-945", "object-946", "object-947", "object-948", "object-949", "object-950", "object-951", "object-952", "object-953", "object-954", "object-955", "object-956", "object-957", "object-958", "object-959", "object-960", "object-961", "object-962", "object-963", "object-964", "object-965", "object-966", "object-967", "object-968", "object-969", "object-970", "object-971", "object-972", "object-973", "object-974", "object-975", "object-976", "object-977", "object-978", "object-979", "object-980", "object-981", "object-982", "object-983", "object-984", "object-985", "object-986", "object-987", "object-988", "object-989", "object-990", "object-991", "object-992", "object-993", "object-994", "object-995", "object-996", "object-997", "object-998", "object-999", "object-1000"] saved=None
gui_job=12 elapsed_ms=13
render_frame interval_ms=48.819458 canvas_physical=1700x1470 selected=1000 preview=false revision=4
render_frame interval_ms=3.976625 canvas_physical=1700x1470 selected=1000 preview=false revision=5
render_frame interval_ms=80.016792 canvas_physical=1700x1470 selected=1000 preview=false revision=5
render_frame interval_ms=478.111625 canvas_physical=1700x1470 selected=1000 preview=false revision=5
render_frame interval_ms=0.922083 canvas_physical=1700x1470 selected=1000 preview=false revision=5
render_frame interval_ms=0.542209 canvas_physical=1700x1470 selected=1000 preview=false revision=5
display_rebuild=8 document=doc-1 revision=6 ppm=64 blocked=None
state document=doc-1 revision=6 workspace=0 dirty=false undo=0 redo=1 selected=["object-1", "object-2", "object-3", "object-4", "object-5", "object-6", "object-7", "object-8", "object-9", "object-10", "object-11", "object-12", "object-13", "object-14", "object-15", "object-16", "object-17", "object-18", "object-19", "object-20", "object-21", "object-22", "object-23", "object-24", "object-25", "object-26", "object-27", "object-28", "object-29", "object-30", "object-31", "object-32", "object-33", "object-34", "object-35", "object-36", "object-37", "object-38", "object-39", "object-40", "object-41", "object-42", "object-43", "object-44", "object-45", "object-46", "object-47", "object-48", "object-49", "object-50", "object-51", "object-52", "object-53", "object-54", "object-55", "object-56", "object-57", "object-58", "object-59", "object-60", "object-61", "object-62", "object-63", "object-64", "object-65", "object-66", "object-67", "object-68", "object-69", "object-70", "object-71", "object-72", "object-73", "object-74", "object-75", "object-76", "object-77", "object-78", "object-79", "object-80", "object-81", "object-82", "object-83", "object-84", "object-85", "object-86", "object-87", "object-88", "object-89", "object-90", "object-91", "object-92", "object-93", "object-94", "object-95", "object-96", "object-97", "object-98", "object-99", "object-100", "object-101", "object-102", "object-103", "object-104", "object-105", "object-106", "object-107", "object-108", "object-109", "object-110", "object-111", "object-112", "object-113", "object-114", "object-115", "object-116", "object-117", "object-118", "object-119", "object-120", "object-121", "object-122", "object-123", "object-124", "object-125", "object-126", "object-127", "object-128", "object-129", "object-130", "object-131", "object-132", "object-133", "object-134", "object-135", "object-136", "object-137", "object-138", "object-139", "object-140", "object-141", "object-142", "object-143", "object-144", "object-145", "object-146", "object-147", "object-148", "object-149", "object-150", "object-151", "object-152", "object-153", "object-154", "object-155", "object-156", "object-157", "object-158", "object-159", "object-160", "object-161", "object-162", "object-163", "object-164", "object-165", "object-166", "object-167", "object-168", "object-169", "object-170", "object-171", "object-172", "object-173", "object-174", "object-175", "object-176", "object-177", "object-178", "object-179", "object-180", "object-181", "object-182", "object-183", "object-184", "object-185", "object-186", "object-187", "object-188", "object-189", "object-190", "object-191", "object-192", "object-193", "object-194", "object-195", "object-196", "object-197", "object-198", "object-199", "object-200", "object-201", "object-202", "object-203", "object-204", "object-205", "object-206", "object-207", "object-208", "object-209", "object-210", "object-211", "object-212", "object-213", "object-214", "object-215", "object-216", "object-217", "object-218", "object-219", "object-220", "object-221", "object-222", "object-223", "object-224", "object-225", "object-226", "object-227", "object-228", "object-229", "object-230", "object-231", "object-232", "object-233", "object-234", "object-235", "object-236", "object-237", "object-238", "object-239", "object-240", "object-241", "object-242", "object-243", "object-244", "object-245", "object-246", "object-247", "object-248", "object-249", "object-250", "object-251", "object-252", "object-253", "object-254", "object-255", "object-256", "object-257", "object-258", "object-259", "object-260", "object-261", "object-262", "object-263", "object-264", "object-265", "object-266", "object-267", "object-268", "object-269", "object-270", "object-271", "object-272", "object-273", "object-274", "object-275", "object-276", "object-277", "object-278", "object-279", "object-280", "object-281", "object-282", "object-283", "object-284", "object-285", "object-286", "object-287", "object-288", "object-289", "object-290", "object-291", "object-292", "object-293", "object-294", "object-295", "object-296", "object-297", "object-298", "object-299", "object-300", "object-301", "object-302", "object-303", "object-304", "object-305", "object-306", "object-307", "object-308", "object-309", "object-310", "object-311", "object-312", "object-313", "object-314", "object-315", "object-316", "object-317", "object-318", "object-319", "object-320", "object-321", "object-322", "object-323", "object-324", "object-325", "object-326", "object-327", "object-328", "object-329", "object-330", "object-331", "object-332", "object-333", "object-334", "object-335", "object-336", "object-337", "object-338", "object-339", "object-340", "object-341", "object-342", "object-343", "object-344", "object-345", "object-346", "object-347", "object-348", "object-349", "object-350", "object-351", "object-352", "object-353", "object-354", "object-355", "object-356", "object-357", "object-358", "object-359", "object-360", "object-361", "object-362", "object-363", "object-364", "object-365", "object-366", "object-367", "object-368", "object-369", "object-370", "object-371", "object-372", "object-373", "object-374", "object-375", "object-376", "object-377", "object-378", "object-379", "object-380", "object-381", "object-382", "object-383", "object-384", "object-385", "object-386", "object-387", "object-388", "object-389", "object-390", "object-391", "object-392", "object-393", "object-394", "object-395", "object-396", "object-397", "object-398", "object-399", "object-400", "object-401", "object-402", "object-403", "object-404", "object-405", "object-406", "object-407", "object-408", "object-409", "object-410", "object-411", "object-412", "object-413", "object-414", "object-415", "object-416", "object-417", "object-418", "object-419", "object-420", "object-421", "object-422", "object-423", "object-424", "object-425", "object-426", "object-427", "object-428", "object-429", "object-430", "object-431", "object-432", "object-433", "object-434", "object-435", "object-436", "object-437", "object-438", "object-439", "object-440", "object-441", "object-442", "object-443", "object-444", "object-445", "object-446", "object-447", "object-448", "object-449", "object-450", "object-451", "object-452", "object-453", "object-454", "object-455", "object-456", "object-457", "object-458", "object-459", "object-460", "object-461", "object-462", "object-463", "object-464", "object-465", "object-466", "object-467", "object-468", "object-469", "object-470", "object-471", "object-472", "object-473", "object-474", "object-475", "object-476", "object-477", "object-478", "object-479", "object-480", "object-481", "object-482", "object-483", "object-484", "object-485", "object-486", "object-487", "object-488", "object-489", "object-490", "object-491", "object-492", "object-493", "object-494", "object-495", "object-496", "object-497", "object-498", "object-499", "object-500", "object-501", "object-502", "object-503", "object-504", "object-505", "object-506", "object-507", "object-508", "object-509", "object-510", "object-511", "object-512", "object-513", "object-514", "object-515", "object-516", "object-517", "object-518", "object-519", "object-520", "object-521", "object-522", "object-523", "object-524", "object-525", "object-526", "object-527", "object-528", "object-529", "object-530", "object-531", "object-532", "object-533", "object-534", "object-535", "object-536", "object-537", "object-538", "object-539", "object-540", "object-541", "object-542", "object-543", "object-544", "object-545", "object-546", "object-547", "object-548", "object-549", "object-550", "object-551", "object-552", "object-553", "object-554", "object-555", "object-556", "object-557", "object-558", "object-559", "object-560", "object-561", "object-562", "object-563", "object-564", "object-565", "object-566", "object-567", "object-568", "object-569", "object-570", "object-571", "object-572", "object-573", "object-574", "object-575", "object-576", "object-577", "object-578", "object-579", "object-580", "object-581", "object-582", "object-583", "object-584", "object-585", "object-586", "object-587", "object-588", "object-589", "object-590", "object-591", "object-592", "object-593", "object-594", "object-595", "object-596", "object-597", "object-598", "object-599", "object-600", "object-601", "object-602", "object-603", "object-604", "object-605", "object-606", "object-607", "object-608", "object-609", "object-610", "object-611", "object-612", "object-613", "object-614", "object-615", "object-616", "object-617", "object-618", "object-619", "object-620", "object-621", "object-622", "object-623", "object-624", "object-625", "object-626", "object-627", "object-628", "object-629", "object-630", "object-631", "object-632", "object-633", "object-634", "object-635", "object-636", "object-637", "object-638", "object-639", "object-640", "object-641", "object-642", "object-643", "object-644", "object-645", "object-646", "object-647", "object-648", "object-649", "object-650", "object-651", "object-652", "object-653", "object-654", "object-655", "object-656", "object-657", "object-658", "object-659", "object-660", "object-661", "object-662", "object-663", "object-664", "object-665", "object-666", "object-667", "object-668", "object-669", "object-670", "object-671", "object-672", "object-673", "object-674", "object-675", "object-676", "object-677", "object-678", "object-679", "object-680", "object-681", "object-682", "object-683", "object-684", "object-685", "object-686", "object-687", "object-688", "object-689", "object-690", "object-691", "object-692", "object-693", "object-694", "object-695", "object-696", "object-697", "object-698", "object-699", "object-700", "object-701", "object-702", "object-703", "object-704", "object-705", "object-706", "object-707", "object-708", "object-709", "object-710", "object-711", "object-712", "object-713", "object-714", "object-715", "object-716", "object-717", "object-718", "object-719", "object-720", "object-721", "object-722", "object-723", "object-724", "object-725", "object-726", "object-727", "object-728", "object-729", "object-730", "object-731", "object-732", "object-733", "object-734", "object-735", "object-736", "object-737", "object-738", "object-739", "object-740", "object-741", "object-742", "object-743", "object-744", "object-745", "object-746", "object-747", "object-748", "object-749", "object-750", "object-751", "object-752", "object-753", "object-754", "object-755", "object-756", "object-757", "object-758", "object-759", "object-760", "object-761", "object-762", "object-763", "object-764", "object-765", "object-766", "object-767", "object-768", "object-769", "object-770", "object-771", "object-772", "object-773", "object-774", "object-775", "object-776", "object-777", "object-778", "object-779", "object-780", "object-781", "object-782", "object-783", "object-784", "object-785", "object-786", "object-787", "object-788", "object-789", "object-790", "object-791", "object-792", "object-793", "object-794", "object-795", "object-796", "object-797", "object-798", "object-799", "object-800", "object-801", "object-802", "object-803", "object-804", "object-805", "object-806", "object-807", "object-808", "object-809", "object-810", "object-811", "object-812", "object-813", "object-814", "object-815", "object-816", "object-817", "object-818", "object-819", "object-820", "object-821", "object-822", "object-823", "object-824", "object-825", "object-826", "object-827", "object-828", "object-829", "object-830", "object-831", "object-832", "object-833", "object-834", "object-835", "object-836", "object-837", "object-838", "object-839", "object-840", "object-841", "object-842", "object-843", "object-844", "object-845", "object-846", "object-847", "object-848", "object-849", "object-850", "object-851", "object-852", "object-853", "object-854", "object-855", "object-856", "object-857", "object-858", "object-859", "object-860", "object-861", "object-862", "object-863", "object-864", "object-865", "object-866", "object-867", "object-868", "object-869", "object-870", "object-871", "object-872", "object-873", "object-874", "object-875", "object-876", "object-877", "object-878", "object-879", "object-880", "object-881", "object-882", "object-883", "object-884", "object-885", "object-886", "object-887", "object-888", "object-889", "object-890", "object-891", "object-892", "object-893", "object-894", "object-895", "object-896", "object-897", "object-898", "object-899", "object-900", "object-901", "object-902", "object-903", "object-904", "object-905", "object-906", "object-907", "object-908", "object-909", "object-910", "object-911", "object-912", "object-913", "object-914", "object-915", "object-916", "object-917", "object-918", "object-919", "object-920", "object-921", "object-922", "object-923", "object-924", "object-925", "object-926", "object-927", "object-928", "object-929", "object-930", "object-931", "object-932", "object-933", "object-934", "object-935", "object-936", "object-937", "object-938", "object-939", "object-940", "object-941", "object-942", "object-943", "object-944", "object-945", "object-946", "object-947", "object-948", "object-949", "object-950", "object-951", "object-952", "object-953", "object-954", "object-955", "object-956", "object-957", "object-958", "object-959", "object-960", "object-961", "object-962", "object-963", "object-964", "object-965", "object-966", "object-967", "object-968", "object-969", "object-970", "object-971", "object-972", "object-973", "object-974", "object-975", "object-976", "object-977", "object-978", "object-979", "object-980", "object-981", "object-982", "object-983", "object-984", "object-985", "object-986", "object-987", "object-988", "object-989", "object-990", "object-991", "object-992", "object-993", "object-994", "object-995", "object-996", "object-997", "object-998", "object-999", "object-1000"] saved=None
gui_job=13 elapsed_ms=13
render_frame interval_ms=46.956791 canvas_physical=1700x1470 selected=1000 preview=false revision=5
render_frame interval_ms=78.181625 canvas_physical=1700x1470 selected=1000 preview=false revision=6
render_frame interval_ms=47.533000 canvas_physical=1700x1470 selected=1000 preview=false revision=6
render_frame interval_ms=15905.512000 canvas_physical=1700x1470 selected=1000 preview=false revision=6
render_frame interval_ms=2.494250 canvas_physical=1700x1470 selected=1000 preview=false revision=6
render_frame interval_ms=0.965542 canvas_physical=1700x1470 selected=1000 preview=false revision=6
render_frame interval_ms=69.581042 canvas_physical=1700x1470 selected=1000 preview=false revision=6
render_frame interval_ms=47.569083 canvas_physical=1700x1470 selected=1000 preview=false revision=6
render_frame interval_ms=28.290250 canvas_physical=1700x1470 selected=1000 preview=false revision=6
render_frame interval_ms=47.838500 canvas_physical=1700x1470 selected=1000 preview=false revision=6
render_frame interval_ms=42.245000 canvas_physical=1700x1470 selected=1000 preview=false revision=6
render_frame interval_ms=41.095000 canvas_physical=1700x1470 selected=1000 preview=false revision=6
render_frame interval_ms=41.936583 canvas_physical=1700x1470 selected=1000 preview=false revision=6
render_frame interval_ms=48.695417 canvas_physical=1700x1470 selected=1000 preview=false revision=6
render_frame interval_ms=367.259542 canvas_physical=1700x1470 selected=1000 preview=false revision=6
render_frame interval_ms=0.947375 canvas_physical=1700x1470 selected=1000 preview=false revision=6
render_frame interval_ms=0.540125 canvas_physical=1700x1470 selected=1000 preview=false revision=6
render_frame interval_ms=70.427583 canvas_physical=1700x1470 selected=1000 preview=false revision=6
render_frame interval_ms=18.720375 canvas_physical=1700x1470 selected=1000 preview=false revision=6
render_frame interval_ms=48.753125 canvas_physical=1700x1470 selected=1000 preview=false revision=6
render_frame interval_ms=41.851583 canvas_physical=1700x1470 selected=1000 preview=false revision=6
render_frame interval_ms=48.115209 canvas_physical=1700x1470 selected=1000 preview=false revision=6
render_frame interval_ms=35.411083 canvas_physical=1700x1470 selected=1000 preview=false revision=6
render_frame interval_ms=55.502417 canvas_physical=1700x1470 selected=1000 preview=false revision=6
render_frame interval_ms=35.196083 canvas_physical=1700x1470 selected=1000 preview=false revision=6
render_frame interval_ms=360.679958 canvas_physical=1700x1470 selected=1000 preview=false revision=6
render_frame interval_ms=1.012917 canvas_physical=1700x1470 selected=1000 preview=false revision=6
render_frame interval_ms=0.804375 canvas_physical=1700x1470 selected=1000 preview=false revision=6
render_frame interval_ms=54.706083 canvas_physical=1700x1470 selected=1000 preview=false revision=6
render_frame interval_ms=42.909167 canvas_physical=1700x1470 selected=1000 preview=false revision=6
render_frame interval_ms=74.731750 canvas_physical=1700x1470 selected=1000 preview=false revision=6
render_frame interval_ms=0.694125 canvas_physical=1700x1470 selected=1000 preview=false revision=6
render_frame interval_ms=47.143000 canvas_physical=1700x1470 selected=1000 preview=false revision=6
render_frame interval_ms=36.173583 canvas_physical=1700x1470 selected=1000 preview=false revision=6
render_frame interval_ms=47.020500 canvas_physical=1700x1470 selected=1000 preview=false revision=6
render_frame interval_ms=41.899917 canvas_physical=1700x1470 selected=1000 preview=false revision=6
render_frame interval_ms=374.638125 canvas_physical=1700x1470 selected=1000 preview=false revision=6
render_frame interval_ms=0.841625 canvas_physical=1700x1470 selected=1000 preview=false revision=6
render_frame interval_ms=0.496417 canvas_physical=1700x1470 selected=1000 preview=false revision=6
render_frame interval_ms=117.465875 canvas_physical=1700x1470 selected=1000 preview=false revision=6
render_frame interval_ms=1.762375 canvas_physical=1700x1470 selected=1000 preview=false revision=6
render_frame interval_ms=60.283541 canvas_physical=1700x1470 selected=1000 preview=false revision=6
render_frame interval_ms=0.704125 canvas_physical=1700x1470 selected=1000 preview=false revision=6
render_frame interval_ms=83.139584 canvas_physical=1700x1470 selected=1000 preview=false revision=6
render_frame interval_ms=49.069875 canvas_physical=1700x1470 selected=1000 preview=false revision=6
render_frame interval_ms=0.667416 canvas_physical=1700x1470 selected=1000 preview=false revision=6
render_frame interval_ms=48.164417 canvas_physical=1700x1470 selected=1000 preview=false revision=6
render_frame interval_ms=362.416833 canvas_physical=1700x1470 selected=1000 preview=false revision=6
render_frame interval_ms=1.059250 canvas_physical=1700x1470 selected=1000 preview=false revision=6
render_frame interval_ms=0.609875 canvas_physical=1700x1470 selected=1000 preview=false revision=6
render_frame interval_ms=87.198959 canvas_physical=1700x1470 selected=1000 preview=false revision=6
render_frame interval_ms=40.379958 canvas_physical=1700x1470 selected=1000 preview=false revision=6
render_frame interval_ms=0.772458 canvas_physical=1700x1470 selected=1000 preview=false revision=6
render_frame interval_ms=75.869084 canvas_physical=1700x1470 selected=1000 preview=false revision=6
render_frame interval_ms=27.435000 canvas_physical=1700x1470 selected=1000 preview=false revision=6
render_frame interval_ms=34.958083 canvas_physical=1700x1470 selected=1000 preview=false revision=6
render_frame interval_ms=48.564333 canvas_physical=1700x1470 selected=1000 preview=false revision=6
render_frame interval_ms=48.814084 canvas_physical=1700x1470 selected=1000 preview=false revision=6
render_frame interval_ms=374.151916 canvas_physical=1700x1470 selected=1000 preview=false revision=6
render_frame interval_ms=0.900084 canvas_physical=1700x1470 selected=1000 preview=false revision=6
render_frame interval_ms=0.524875 canvas_physical=1700x1470 selected=1000 preview=false revision=6
render_frame interval_ms=107.790208 canvas_physical=1700x1470 selected=1000 preview=false revision=6
render_frame interval_ms=16.004375 canvas_physical=1700x1470 selected=1000 preview=false revision=6
render_frame interval_ms=34.809833 canvas_physical=1700x1470 selected=1000 preview=false revision=6
render_frame interval_ms=62.719125 canvas_physical=1700x1470 selected=1000 preview=false revision=6
render_frame interval_ms=0.706667 canvas_physical=1700x1470 selected=1000 preview=false revision=6
render_frame interval_ms=48.099125 canvas_physical=1700x1470 selected=1000 preview=false revision=6
render_frame interval_ms=83.229625 canvas_physical=1700x1470 selected=1000 preview=false revision=6
render_frame interval_ms=20.473792 canvas_physical=1700x1470 selected=1000 preview=false revision=6
render_frame interval_ms=346.799750 canvas_physical=1700x1470 selected=1000 preview=false revision=6
render_frame interval_ms=1.742875 canvas_physical=1700x1470 selected=1000 preview=false revision=6
render_frame interval_ms=0.466791 canvas_physical=1700x1470 selected=1000 preview=false revision=6
render_frame interval_ms=54.767875 canvas_physical=1700x1470 selected=1000 preview=false revision=6
render_frame interval_ms=47.836417 canvas_physical=1700x1470 selected=1000 preview=false revision=6
render_frame interval_ms=34.905583 canvas_physical=1700x1470 selected=1000 preview=false revision=6
render_frame interval_ms=41.739667 canvas_physical=1700x1470 selected=1000 preview=false revision=6
render_frame interval_ms=55.364458 canvas_physical=1700x1470 selected=1000 preview=false revision=6
render_frame interval_ms=34.519500 canvas_physical=1700x1470 selected=1000 preview=false revision=6
render_frame interval_ms=48.637875 canvas_physical=1700x1470 selected=1000 preview=false revision=6
render_frame interval_ms=450.906375 canvas_physical=1700x1470 selected=1000 preview=false revision=6
render_frame interval_ms=0.900417 canvas_physical=1700x1470 selected=1000 preview=false revision=6
render_frame interval_ms=0.494292 canvas_physical=1700x1470 selected=1000 preview=false revision=6
render_frame interval_ms=103.900583 canvas_physical=1700x1470 selected=1000 preview=false revision=6
render_frame interval_ms=0.653708 canvas_physical=1700x1470 selected=1000 preview=false revision=6
render_frame interval_ms=75.086209 canvas_physical=1700x1470 selected=1000 preview=false revision=6
render_frame interval_ms=0.682625 canvas_physical=1700x1470 selected=1000 preview=false revision=6
render_frame interval_ms=68.542000 canvas_physical=1700x1470 selected=1000 preview=false revision=6
render_frame interval_ms=28.054625 canvas_physical=1700x1470 selected=1000 preview=false revision=6
render_frame interval_ms=70.911875 canvas_physical=1700x1470 selected=1000 preview=false revision=6
render_frame interval_ms=47.512083 canvas_physical=1700x1470 selected=1000 preview=false revision=6
render_frame interval_ms=1.407667 canvas_physical=1700x1470 selected=1000 preview=false revision=6
render_frame interval_ms=393.483208 canvas_physical=1700x1470 selected=1000 preview=false revision=6
render_frame interval_ms=0.988208 canvas_physical=1700x1470 selected=1000 preview=false revision=6
render_frame interval_ms=0.529125 canvas_physical=1700x1470 selected=1000 preview=false revision=6
render_frame interval_ms=54.425375 canvas_physical=1700x1470 selected=1000 preview=false revision=6
render_frame interval_ms=55.521042 canvas_physical=1700x1470 selected=1000 preview=false revision=6
render_frame interval_ms=63.206292 canvas_physical=1700x1470 selected=1000 preview=false revision=6
render_frame interval_ms=0.890666 canvas_physical=1700x1470 selected=1000 preview=false revision=6
render_frame interval_ms=61.302292 canvas_physical=1700x1470 selected=1000 preview=false revision=6
render_frame interval_ms=34.771167 canvas_physical=1700x1470 selected=1000 preview=false revision=6
render_frame interval_ms=34.194083 canvas_physical=1700x1470 selected=1000 preview=false revision=6
render_frame interval_ms=381.556500 canvas_physical=1700x1470 selected=1000 preview=false revision=6
render_frame interval_ms=0.905208 canvas_physical=1700x1470 selected=1000 preview=false revision=6
render_frame interval_ms=0.650542 canvas_physical=1700x1470 selected=1000 preview=false revision=6
render_frame interval_ms=89.062542 canvas_physical=1700x1470 selected=1000 preview=false revision=6
render_frame interval_ms=0.715000 canvas_physical=1700x1470 selected=1000 preview=false revision=6
render_frame interval_ms=47.837458 canvas_physical=1700x1470 selected=1000 preview=false revision=6
render_frame interval_ms=71.123667 canvas_physical=1700x1470 selected=1000 preview=false revision=6
render_frame interval_ms=1.757333 canvas_physical=1700x1470 selected=1000 preview=false revision=6
render_frame interval_ms=52.609750 canvas_physical=1700x1470 selected=1000 preview=false revision=6
render_frame interval_ms=41.298250 canvas_physical=1700x1470 selected=1000 preview=false revision=6
render_frame interval_ms=41.782583 canvas_physical=1700x1470 selected=1000 preview=false revision=6
render_frame interval_ms=77.454209 canvas_physical=1700x1470 selected=1000 preview=false revision=6
render_frame interval_ms=339.562958 canvas_physical=1700x1470 selected=1000 preview=false revision=6
render_frame interval_ms=0.877083 canvas_physical=1700x1470 selected=1000 preview=false revision=6
render_frame interval_ms=0.483417 canvas_physical=1700x1470 selected=1000 preview=false revision=6
render_frame interval_ms=74.278958 canvas_physical=1700x1470 selected=1000 preview=false revision=6
render_frame interval_ms=56.326250 canvas_physical=1700x1470 selected=1000 preview=false revision=6
render_frame interval_ms=0.928542 canvas_physical=1700x1470 selected=1000 preview=false revision=6
render_frame interval_ms=61.038708 canvas_physical=1700x1470 selected=1000 preview=false revision=6
render_frame interval_ms=41.550875 canvas_physical=1700x1470 selected=1000 preview=false revision=6
render_frame interval_ms=35.186917 canvas_physical=1700x1470 selected=1000 preview=false revision=6
render_frame interval_ms=48.411625 canvas_physical=1700x1470 selected=1000 preview=false revision=6
render_frame interval_ms=34.368167 canvas_physical=1700x1470 selected=1000 preview=false revision=6
render_frame interval_ms=383.897708 canvas_physical=1700x1470 selected=1000 preview=false revision=6
render_frame interval_ms=1.017958 canvas_physical=1700x1470 selected=1000 preview=false revision=6
render_frame interval_ms=0.765042 canvas_physical=1700x1470 selected=1000 preview=false revision=6
render_frame interval_ms=107.039250 canvas_physical=1700x1470 selected=1000 preview=false revision=6
render_frame interval_ms=0.669292 canvas_physical=1700x1470 selected=1000 preview=false revision=6
render_frame interval_ms=49.638625 canvas_physical=1700x1470 selected=1000 preview=false revision=6
render_frame interval_ms=27.856083 canvas_physical=1700x1470 selected=1000 preview=false revision=6
render_frame interval_ms=61.198333 canvas_physical=1700x1470 selected=1000 preview=false revision=6
render_frame interval_ms=70.968584 canvas_physical=1700x1470 selected=1000 preview=false revision=6
render_frame interval_ms=0.824333 canvas_physical=1700x1470 selected=1000 preview=false revision=6
render_frame interval_ms=53.206875 canvas_physical=1700x1470 selected=1000 preview=false revision=6
render_frame interval_ms=374.537000 canvas_physical=1700x1470 selected=1000 preview=false revision=6
render_frame interval_ms=1.523542 canvas_physical=1700x1470 selected=1000 preview=false revision=6
render_frame interval_ms=0.543333 canvas_physical=1700x1470 selected=1000 preview=false revision=6
render_frame interval_ms=54.178708 canvas_physical=1700x1470 selected=1000 preview=false revision=6
render_frame interval_ms=43.486834 canvas_physical=1700x1470 selected=1000 preview=false revision=6
render_frame interval_ms=53.728250 canvas_physical=1700x1470 selected=1000 preview=false revision=6
render_frame interval_ms=41.569208 canvas_physical=1700x1470 selected=1000 preview=false revision=6
render_frame interval_ms=34.577625 canvas_physical=1700x1470 selected=1000 preview=false revision=6
render_frame interval_ms=36.754333 canvas_physical=1700x1470 selected=1000 preview=false revision=6
render_frame interval_ms=35.367500 canvas_physical=1700x1470 selected=1000 preview=false revision=6
render_frame interval_ms=38.927709 canvas_physical=1700x1470 selected=1000 preview=false revision=6
render_frame interval_ms=388.463541 canvas_physical=1700x1470 selected=1000 preview=false revision=6
render_frame interval_ms=1.080917 canvas_physical=1700x1470 selected=1000 preview=false revision=6
render_frame interval_ms=0.767583 canvas_physical=1700x1470 selected=1000 preview=false revision=6
render_frame interval_ms=68.639334 canvas_physical=1700x1470 selected=1000 preview=false revision=6
render_frame interval_ms=20.640500 canvas_physical=1700x1470 selected=1000 preview=false revision=6
render_frame interval_ms=69.227250 canvas_physical=1700x1470 selected=1000 preview=false revision=6
render_frame interval_ms=34.841250 canvas_physical=1700x1470 selected=1000 preview=false revision=6
render_frame interval_ms=34.588541 canvas_physical=1700x1470 selected=1000 preview=false revision=6
render_frame interval_ms=41.997250 canvas_physical=1700x1470 selected=1000 preview=false revision=6
render_frame interval_ms=34.498125 canvas_physical=1700x1470 selected=1000 preview=false revision=6
render_frame interval_ms=27.563750 canvas_physical=1700x1470 selected=1000 preview=false revision=6
render_frame interval_ms=358.254125 canvas_physical=1700x1470 selected=1000 preview=false revision=6
render_frame interval_ms=0.875292 canvas_physical=1700x1470 selected=1000 preview=false revision=6
render_frame interval_ms=0.488417 canvas_physical=1700x1470 selected=1000 preview=false revision=6
render_frame interval_ms=85.738541 canvas_physical=1700x1470 selected=1000 preview=false revision=6
render_frame interval_ms=12.991542 canvas_physical=1700x1470 selected=1000 preview=false revision=6
render_frame interval_ms=48.526292 canvas_physical=1700x1470 selected=1000 preview=false revision=6
render_frame interval_ms=41.718083 canvas_physical=1700x1470 selected=1000 preview=false revision=6
render_frame interval_ms=41.585000 canvas_physical=1700x1470 selected=1000 preview=false revision=6
render_frame interval_ms=28.084042 canvas_physical=1700x1470 selected=1000 preview=false revision=6
render_frame interval_ms=55.134625 canvas_physical=1700x1470 selected=1000 preview=false revision=6
render_frame interval_ms=34.950291 canvas_physical=1700x1470 selected=1000 preview=false revision=6
render_frame interval_ms=48.250917 canvas_physical=1700x1470 selected=1000 preview=false revision=6
render_frame interval_ms=367.756583 canvas_physical=1700x1470 selected=1000 preview=false revision=6
render_frame interval_ms=1.239875 canvas_physical=1700x1470 selected=1000 preview=false revision=6
render_frame interval_ms=0.889084 canvas_physical=1700x1470 selected=1000 preview=false revision=6
render_frame interval_ms=53.390583 canvas_physical=1700x1470 selected=1000 preview=false revision=6
render_frame interval_ms=42.513500 canvas_physical=1700x1470 selected=1000 preview=false revision=6
render_frame interval_ms=35.022917 canvas_physical=1700x1470 selected=1000 preview=false revision=6
render_frame interval_ms=48.566791 canvas_physical=1700x1470 selected=1000 preview=false revision=6
render_frame interval_ms=34.351167 canvas_physical=1700x1470 selected=1000 preview=false revision=6
render_frame interval_ms=69.537583 canvas_physical=1700x1470 selected=1000 preview=false revision=6
render_frame interval_ms=20.557584 canvas_physical=1700x1470 selected=1000 preview=false revision=6
render_frame interval_ms=41.938791 canvas_physical=1700x1470 selected=1000 preview=false revision=6
render_frame interval_ms=395.301584 canvas_physical=1700x1470 selected=1000 preview=false revision=6
render_frame interval_ms=2.300458 canvas_physical=1700x1470 selected=1000 preview=false revision=6
render_frame interval_ms=1.026333 canvas_physical=1700x1470 selected=1000 preview=false revision=6
render_frame interval_ms=69.297834 canvas_physical=1700x1470 selected=1000 preview=false revision=6
render_frame interval_ms=52.797500 canvas_physical=1700x1470 selected=1000 preview=false revision=6
render_frame interval_ms=0.732541 canvas_physical=1700x1470 selected=1000 preview=false revision=6
render_frame interval_ms=83.437834 canvas_physical=1700x1470 selected=1000 preview=false revision=6
render_frame interval_ms=6.012875 canvas_physical=1700x1470 selected=1000 preview=false revision=6
render_frame interval_ms=48.526208 canvas_physical=1700x1470 selected=1000 preview=false revision=6
render_frame interval_ms=48.567000 canvas_physical=1700x1470 selected=1000 preview=false revision=6
render_frame interval_ms=34.739125 canvas_physical=1700x1470 selected=1000 preview=false revision=6
render_frame interval_ms=367.581875 canvas_physical=1700x1470 selected=1000 preview=false revision=6
render_frame interval_ms=0.912875 canvas_physical=1700x1470 selected=1000 preview=false revision=6
render_frame interval_ms=0.502167 canvas_physical=1700x1470 selected=1000 preview=false revision=6
render_frame interval_ms=54.360125 canvas_physical=1700x1470 selected=1000 preview=false revision=6
render_frame interval_ms=70.736750 canvas_physical=1700x1470 selected=1000 preview=false revision=6
render_frame interval_ms=19.734125 canvas_physical=1700x1470 selected=1000 preview=false revision=6
render_frame interval_ms=27.861791 canvas_physical=1700x1470 selected=1000 preview=false revision=6
render_frame interval_ms=48.407834 canvas_physical=1700x1470 selected=1000 preview=false revision=6
render_frame interval_ms=48.698166 canvas_physical=1700x1470 selected=1000 preview=false revision=6
render_frame interval_ms=55.612167 canvas_physical=1700x1470 selected=1000 preview=false revision=6
render_frame interval_ms=34.584750 canvas_physical=1700x1470 selected=1000 preview=false revision=6
render_frame interval_ms=347.167583 canvas_physical=1700x1470 selected=1000 preview=false revision=6
render_frame interval_ms=1.810375 canvas_physical=1700x1470 selected=1000 preview=false revision=6
render_frame interval_ms=0.647500 canvas_physical=1700x1470 selected=1000 preview=false revision=6
render_frame interval_ms=101.246042 canvas_physical=1700x1470 selected=1000 preview=false revision=6
render_frame interval_ms=0.762167 canvas_physical=1700x1470 selected=1000 preview=false revision=6
render_frame interval_ms=90.410208 canvas_physical=1700x1470 selected=1000 preview=false revision=6
render_frame interval_ms=1.897417 canvas_physical=1700x1470 selected=1000 preview=false revision=6
render_frame interval_ms=53.060000 canvas_physical=1700x1470 selected=1000 preview=false revision=6
render_frame interval_ms=34.810416 canvas_physical=1700x1470 selected=1000 preview=false revision=6
render_frame interval_ms=42.104959 canvas_physical=1700x1470 selected=1000 preview=false revision=6
render_frame interval_ms=34.523083 canvas_physical=1700x1470 selected=1000 preview=false revision=6
render_frame interval_ms=367.413208 canvas_physical=1700x1470 selected=1000 preview=false revision=6
render_frame interval_ms=1.109000 canvas_physical=1700x1470 selected=1000 preview=false revision=6
render_frame interval_ms=0.848292 canvas_physical=1700x1470 selected=1000 preview=false revision=6
render_frame interval_ms=68.618875 canvas_physical=1700x1470 selected=1000 preview=false revision=6
render_frame interval_ms=47.807500 canvas_physical=1700x1470 selected=1000 preview=false revision=6
render_frame interval_ms=28.483875 canvas_physical=1700x1470 selected=1000 preview=false revision=6
render_frame interval_ms=34.330250 canvas_physical=1700x1470 selected=1000 preview=false revision=6
render_frame interval_ms=48.508208 canvas_physical=1700x1470 selected=1000 preview=false revision=6
render_frame interval_ms=48.431542 canvas_physical=1700x1470 selected=1000 preview=false revision=6
render_frame interval_ms=41.898583 canvas_physical=1700x1470 selected=1000 preview=false revision=6
render_frame interval_ms=34.692292 canvas_physical=1700x1470 selected=1000 preview=false revision=6
render_frame interval_ms=367.453958 canvas_physical=1700x1470 selected=1000 preview=false revision=6
render_frame interval_ms=0.949875 canvas_physical=1700x1470 selected=1000 preview=false revision=6
render_frame interval_ms=0.505084 canvas_physical=1700x1470 selected=1000 preview=false revision=6
render_frame interval_ms=54.799333 canvas_physical=1700x1470 selected=1000 preview=false revision=6
render_frame interval_ms=34.615958 canvas_physical=1700x1470 selected=1000 preview=false revision=6
render_frame interval_ms=48.472250 canvas_physical=1700x1470 selected=1000 preview=false revision=6
render_frame interval_ms=34.831459 canvas_physical=1700x1470 selected=1000 preview=false revision=6
render_frame interval_ms=62.383625 canvas_physical=1700x1470 selected=1000 preview=false revision=6
render_frame interval_ms=41.889458 canvas_physical=1700x1470 selected=1000 preview=false revision=6
render_frame interval_ms=48.491917 canvas_physical=1700x1470 selected=1000 preview=false revision=6
render_frame interval_ms=471.637500 canvas_physical=1700x1470 selected=1000 preview=false revision=6
render_frame interval_ms=0.947875 canvas_physical=1700x1470 selected=1000 preview=false revision=6
render_frame interval_ms=0.525625 canvas_physical=1700x1470 selected=1000 preview=false revision=6
render_frame interval_ms=60.990125 canvas_physical=1700x1470 selected=1000 preview=false revision=6
render_frame interval_ms=28.364166 canvas_physical=1700x1470 selected=1000 preview=false revision=6
render_frame interval_ms=55.376709 canvas_physical=1700x1470 selected=1000 preview=false revision=6
render_frame interval_ms=35.036750 canvas_physical=1700x1470 selected=1000 preview=false revision=6
render_frame interval_ms=55.416041 canvas_physical=1700x1470 selected=1000 preview=false revision=6
render_frame interval_ms=55.768625 canvas_physical=1700x1470 selected=1000 preview=false revision=6
render_frame interval_ms=41.715250 canvas_physical=1700x1470 selected=1000 preview=false revision=6
render_frame interval_ms=34.579709 canvas_physical=1700x1470 selected=1000 preview=false revision=6
render_frame interval_ms=351.143416 canvas_physical=1700x1470 selected=1000 preview=false revision=6
render_frame interval_ms=1.109209 canvas_physical=1700x1470 selected=1000 preview=false revision=6
render_frame interval_ms=0.739833 canvas_physical=1700x1470 selected=1000 preview=false revision=6
render_frame interval_ms=63.284708 canvas_physical=1700x1470 selected=1000 preview=false revision=6
render_frame interval_ms=49.383750 canvas_physical=1700x1470 selected=1000 preview=false revision=6
render_frame interval_ms=41.764417 canvas_physical=1700x1470 selected=1000 preview=false revision=6
render_frame interval_ms=41.009167 canvas_physical=1700x1470 selected=1000 preview=false revision=6
render_frame interval_ms=42.128791 canvas_physical=1700x1470 selected=1000 preview=false revision=6
render_frame interval_ms=27.996042 canvas_physical=1700x1470 selected=1000 preview=false revision=6
render_frame interval_ms=34.699833 canvas_physical=1700x1470 selected=1000 preview=false revision=6
render_frame interval_ms=48.564875 canvas_physical=1700x1470 selected=1000 preview=false revision=6
render_frame interval_ms=359.886250 canvas_physical=1700x1470 selected=1000 preview=false revision=6
render_frame interval_ms=1.352750 canvas_physical=1700x1470 selected=1000 preview=false revision=6
render_frame interval_ms=0.694084 canvas_physical=1700x1470 selected=1000 preview=false revision=6
render_frame interval_ms=124.982791 canvas_physical=1700x1470 selected=1000 preview=false revision=6
render_frame interval_ms=1.091875 canvas_physical=1700x1470 selected=1000 preview=false revision=6
render_frame interval_ms=53.144292 canvas_physical=1700x1470 selected=1000 preview=false revision=6
render_frame interval_ms=0.714917 canvas_physical=1700x1470 selected=1000 preview=false revision=6
render_frame interval_ms=83.372625 canvas_physical=1700x1470 selected=1000 preview=false revision=6
render_frame interval_ms=0.832125 canvas_physical=1700x1470 selected=1000 preview=false revision=6
render_frame interval_ms=88.979375 canvas_physical=1700x1470 selected=1000 preview=false revision=6
render_frame interval_ms=1.813583 canvas_physical=1700x1470 selected=1000 preview=false revision=6
render_frame interval_ms=82.299542 canvas_physical=1700x1470 selected=1000 preview=false revision=6
render_frame interval_ms=359.260666 canvas_physical=1700x1470 selected=1000 preview=false revision=6
render_frame interval_ms=0.855709 canvas_physical=1700x1470 selected=1000 preview=false revision=6
render_frame interval_ms=0.518375 canvas_physical=1700x1470 selected=1000 preview=false revision=6
render_frame interval_ms=110.978708 canvas_physical=1700x1470 selected=1000 preview=false revision=6
render_frame interval_ms=2.072375 canvas_physical=1700x1470 selected=1000 preview=false revision=6
render_frame interval_ms=68.012042 canvas_physical=1700x1470 selected=1000 preview=false revision=6
render_frame interval_ms=5.856041 canvas_physical=1700x1470 selected=1000 preview=false revision=6
render_frame interval_ms=41.567209 canvas_physical=1700x1470 selected=1000 preview=false revision=6
render_frame interval_ms=41.527000 canvas_physical=1700x1470 selected=1000 preview=false revision=6
render_frame interval_ms=55.381125 canvas_physical=1700x1470 selected=1000 preview=false revision=6
render_frame interval_ms=34.860708 canvas_physical=1700x1470 selected=1000 preview=false revision=6
render_frame interval_ms=34.830125 canvas_physical=1700x1470 selected=1000 preview=false revision=6
render_frame interval_ms=385.148042 canvas_physical=1700x1470 selected=1000 preview=false revision=6
render_frame interval_ms=1.928125 canvas_physical=1700x1470 selected=1000 preview=false revision=6
render_frame interval_ms=0.720541 canvas_physical=1700x1470 selected=1000 preview=false revision=6
render_frame interval_ms=71.838584 canvas_physical=1700x1470 selected=1000 preview=false revision=6
render_frame interval_ms=21.850458 canvas_physical=1700x1470 selected=1000 preview=false revision=6
render_frame interval_ms=46.378083 canvas_physical=1700x1470 selected=1000 preview=false revision=6
render_frame interval_ms=62.342459 canvas_physical=1700x1470 selected=1000 preview=false revision=6
render_frame interval_ms=27.782375 canvas_physical=1700x1470 selected=1000 preview=false revision=6
render_frame interval_ms=41.626791 canvas_physical=1700x1470 selected=1000 preview=false revision=6
render_frame interval_ms=35.749417 canvas_physical=1700x1470 selected=1000 preview=false revision=6
render_frame interval_ms=41.524708 canvas_physical=1700x1470 selected=1000 preview=false revision=6
render_frame interval_ms=331.969292 canvas_physical=1700x1470 selected=1000 preview=false revision=6
render_frame interval_ms=1.105833 canvas_physical=1700x1470 selected=1000 preview=false revision=6
render_frame interval_ms=0.819084 canvas_physical=1700x1470 selected=1000 preview=false revision=6
render_frame interval_ms=67.659583 canvas_physical=1700x1470 selected=1000 preview=false revision=6
render_frame interval_ms=21.127875 canvas_physical=1700x1470 selected=1000 preview=false revision=6
render_frame interval_ms=84.334250 canvas_physical=1700x1470 selected=1000 preview=false revision=6
render_frame interval_ms=12.616583 canvas_physical=1700x1470 selected=1000 preview=false revision=6
render_frame interval_ms=42.269250 canvas_physical=1700x1470 selected=1000 preview=false revision=6
render_frame interval_ms=42.018292 canvas_physical=1700x1470 selected=1000 preview=false revision=6
render_frame interval_ms=48.321167 canvas_physical=1700x1470 selected=1000 preview=false revision=6
render_frame interval_ms=62.158958 canvas_physical=1700x1470 selected=1000 preview=false revision=6
render_frame interval_ms=381.322083 canvas_physical=1700x1470 selected=1000 preview=false revision=6
render_frame interval_ms=1.906500 canvas_physical=1700x1470 selected=1000 preview=false revision=6
render_frame interval_ms=0.614459 canvas_physical=1700x1470 selected=1000 preview=false revision=6
render_frame interval_ms=60.541333 canvas_physical=1700x1470 selected=1000 preview=false revision=6
render_frame interval_ms=41.424792 canvas_physical=1700x1470 selected=1000 preview=false revision=6
render_frame interval_ms=41.639416 canvas_physical=1700x1470 selected=1000 preview=false revision=6
render_frame interval_ms=41.916459 canvas_physical=1700x1470 selected=1000 preview=false revision=6
render_frame interval_ms=55.294791 canvas_physical=1700x1470 selected=1000 preview=false revision=6
render_frame interval_ms=41.653417 canvas_physical=1700x1470 selected=1000 preview=false revision=6
render_frame interval_ms=48.562167 canvas_physical=1700x1470 selected=1000 preview=false revision=6
render_frame interval_ms=353.856416 canvas_physical=1700x1470 selected=1000 preview=false revision=6
render_frame interval_ms=0.986125 canvas_physical=1700x1470 selected=1000 preview=false revision=6
render_frame interval_ms=0.664334 canvas_physical=1700x1470 selected=1000 preview=false revision=6
render_frame interval_ms=68.598875 canvas_physical=1700x1470 selected=1000 preview=false revision=6
render_frame interval_ms=20.611250 canvas_physical=1700x1470 selected=1000 preview=false revision=6
render_frame interval_ms=83.639416 canvas_physical=1700x1470 selected=1000 preview=false revision=6
render_frame interval_ms=7.091167 canvas_physical=1700x1470 selected=1000 preview=false revision=6
render_frame interval_ms=62.298583 canvas_physical=1700x1470 selected=1000 preview=false revision=6
render_frame interval_ms=21.847667 canvas_physical=1700x1470 selected=1000 preview=false revision=6
render_frame interval_ms=54.616875 canvas_physical=1700x1470 selected=1000 preview=false revision=6
render_frame interval_ms=41.636750 canvas_physical=1700x1470 selected=1000 preview=false revision=6
render_frame interval_ms=374.072208 canvas_physical=1700x1470 selected=1000 preview=false revision=6
render_frame interval_ms=1.097334 canvas_physical=1700x1470 selected=1000 preview=false revision=6
render_frame interval_ms=0.680541 canvas_physical=1700x1470 selected=1000 preview=false revision=6
render_frame interval_ms=56.918584 canvas_physical=1700x1470 selected=1000 preview=false revision=6
render_frame interval_ms=39.257791 canvas_physical=1700x1470 selected=1000 preview=false revision=6
render_frame interval_ms=48.795500 canvas_physical=1700x1470 selected=1000 preview=false revision=6
render_frame interval_ms=34.757000 canvas_physical=1700x1470 selected=1000 preview=false revision=6
render_frame interval_ms=34.403417 canvas_physical=1700x1470 selected=1000 preview=false revision=6
render_frame interval_ms=69.562542 canvas_physical=1700x1470 selected=1000 preview=false revision=6
render_frame interval_ms=34.291375 canvas_physical=1700x1470 selected=1000 preview=false revision=6
render_frame interval_ms=49.370375 canvas_physical=1700x1470 selected=1000 preview=false revision=6
render_frame interval_ms=346.168791 canvas_physical=1700x1470 selected=1000 preview=false revision=6
render_frame interval_ms=1.002375 canvas_physical=1700x1470 selected=1000 preview=false revision=6
render_frame interval_ms=0.555459 canvas_physical=1700x1470 selected=1000 preview=false revision=6
render_frame interval_ms=56.054333 canvas_physical=1700x1470 selected=1000 preview=false revision=6
render_frame interval_ms=54.119958 canvas_physical=1700x1470 selected=1000 preview=false revision=6
render_frame interval_ms=62.635917 canvas_physical=1700x1470 selected=1000 preview=false revision=6
render_frame interval_ms=0.728667 canvas_physical=1700x1470 selected=1000 preview=false revision=6
render_frame interval_ms=41.066166 canvas_physical=1700x1470 selected=1000 preview=false revision=6
render_frame interval_ms=55.153875 canvas_physical=1700x1470 selected=1000 preview=false revision=6
render_frame interval_ms=48.684709 canvas_physical=1700x1470 selected=1000 preview=false revision=6
render_frame interval_ms=48.965125 canvas_physical=1700x1470 selected=1000 preview=false revision=6
render_frame interval_ms=360.137208 canvas_physical=1700x1470 selected=1000 preview=false revision=6
render_frame interval_ms=0.994083 canvas_physical=1700x1470 selected=1000 preview=false revision=6
render_frame interval_ms=0.704209 canvas_physical=1700x1470 selected=1000 preview=false revision=6
render_frame interval_ms=62.422083 canvas_physical=1700x1470 selected=1000 preview=false revision=6
render_frame interval_ms=21.031167 canvas_physical=1700x1470 selected=1000 preview=false revision=6
render_frame interval_ms=82.687583 canvas_physical=1700x1470 selected=1000 preview=false revision=6
render_frame interval_ms=13.479500 canvas_physical=1700x1470 selected=1000 preview=false revision=6
render_frame interval_ms=34.552833 canvas_physical=1700x1470 selected=1000 preview=false revision=6
render_frame interval_ms=62.536709 canvas_physical=1700x1470 selected=1000 preview=false revision=6
render_frame interval_ms=41.764375 canvas_physical=1700x1470 selected=1000 preview=false revision=6
render_frame interval_ms=27.897916 canvas_physical=1700x1470 selected=1000 preview=false revision=6
render_frame interval_ms=353.605917 canvas_physical=1700x1470 selected=1000 preview=false revision=6
render_frame interval_ms=0.892583 canvas_physical=1700x1470 selected=1000 preview=false revision=6
render_frame interval_ms=0.454959 canvas_physical=1700x1470 selected=1000 preview=false revision=6
render_frame interval_ms=91.443791 canvas_physical=1700x1470 selected=1000 preview=false revision=6
render_frame interval_ms=6.011542 canvas_physical=1700x1470 selected=1000 preview=false revision=6
render_frame interval_ms=63.452208 canvas_physical=1700x1470 selected=1000 preview=false revision=6
render_frame interval_ms=61.552250 canvas_physical=1700x1470 selected=1000 preview=false revision=6
render_frame interval_ms=0.852334 canvas_physical=1700x1470 selected=1000 preview=false revision=6
render_frame interval_ms=46.652750 canvas_physical=1700x1470 selected=1000 preview=false revision=6
render_frame interval_ms=48.533083 canvas_physical=1700x1470 selected=1000 preview=false revision=6
render_frame interval_ms=35.027792 canvas_physical=1700x1470 selected=1000 preview=false revision=6
render_frame interval_ms=366.980041 canvas_physical=1700x1470 selected=1000 preview=false revision=6
render_frame interval_ms=1.150292 canvas_physical=1700x1470 selected=1000 preview=false revision=6
render_frame interval_ms=0.747500 canvas_physical=1700x1470 selected=1000 preview=false revision=6
render_frame interval_ms=67.729958 canvas_physical=1700x1470 selected=1000 preview=false revision=6
render_frame interval_ms=21.078459 canvas_physical=1700x1470 selected=1000 preview=false revision=6
render_frame interval_ms=35.381875 canvas_physical=1700x1470 selected=1000 preview=false revision=6
render_frame interval_ms=54.980125 canvas_physical=1700x1470 selected=1000 preview=false revision=6
render_frame interval_ms=35.012833 canvas_physical=1700x1470 selected=1000 preview=false revision=6
render_frame interval_ms=49.008167 canvas_physical=1700x1470 selected=1000 preview=false revision=6
render_frame interval_ms=41.381250 canvas_physical=1700x1470 selected=1000 preview=false revision=6
render_frame interval_ms=68.667875 canvas_physical=1700x1470 selected=1000 preview=false revision=6
render_frame interval_ms=353.914791 canvas_physical=1700x1470 selected=1000 preview=false revision=6
render_frame interval_ms=0.967167 canvas_physical=1700x1470 selected=1000 preview=false revision=6
render_frame interval_ms=0.557167 canvas_physical=1700x1470 selected=1000 preview=false revision=6
render_frame interval_ms=54.047166 canvas_physical=1700x1470 selected=1000 preview=false revision=6
render_frame interval_ms=49.286250 canvas_physical=1700x1470 selected=1000 preview=false revision=6
render_frame interval_ms=34.819375 canvas_physical=1700x1470 selected=1000 preview=false revision=6
render_frame interval_ms=48.103292 canvas_physical=1700x1470 selected=1000 preview=false revision=6
render_frame interval_ms=29.073458 canvas_physical=1700x1470 selected=1000 preview=false revision=6
render_frame interval_ms=54.589000 canvas_physical=1700x1470 selected=1000 preview=false revision=6
render_frame interval_ms=41.811125 canvas_physical=1700x1470 selected=1000 preview=false revision=6
render_frame interval_ms=27.870792 canvas_physical=1700x1470 selected=1000 preview=false revision=6
render_frame interval_ms=360.207542 canvas_physical=1700x1470 selected=1000 preview=false revision=6
render_frame interval_ms=1.007500 canvas_physical=1700x1470 selected=1000 preview=false revision=6
render_frame interval_ms=0.535833 canvas_physical=1700x1470 selected=1000 preview=false revision=6
render_frame interval_ms=67.884708 canvas_physical=1700x1470 selected=1000 preview=false revision=6
render_frame interval_ms=21.454042 canvas_physical=1700x1470 selected=1000 preview=false revision=6
render_frame interval_ms=76.807417 canvas_physical=1700x1470 selected=1000 preview=false revision=6
render_frame interval_ms=6.532583 canvas_physical=1700x1470 selected=1000 preview=false revision=6
render_frame interval_ms=42.042208 canvas_physical=1700x1470 selected=1000 preview=false revision=6
render_frame interval_ms=76.016834 canvas_physical=1700x1470 selected=1000 preview=false revision=6
render_frame interval_ms=34.666416 canvas_physical=1700x1470 selected=1000 preview=false revision=6
render_frame interval_ms=55.688875 canvas_physical=1700x1470 selected=1000 preview=false revision=6
render_frame interval_ms=381.421917 canvas_physical=1700x1470 selected=1000 preview=false revision=6
render_frame interval_ms=1.173583 canvas_physical=1700x1470 selected=1000 preview=false revision=6
render_frame interval_ms=0.654792 canvas_physical=1700x1470 selected=1000 preview=false revision=6
render_frame interval_ms=89.892708 canvas_physical=1700x1470 selected=1000 preview=false revision=6
render_frame interval_ms=5.772167 canvas_physical=1700x1470 selected=1000 preview=false revision=6
render_frame interval_ms=34.878208 canvas_physical=1700x1470 selected=1000 preview=false revision=6
render_frame interval_ms=55.453125 canvas_physical=1700x1470 selected=1000 preview=false revision=6
render_frame interval_ms=48.636417 canvas_physical=1700x1470 selected=1000 preview=false revision=6
render_frame interval_ms=28.170792 canvas_physical=1700x1470 selected=1000 preview=false revision=6
render_frame interval_ms=55.257833 canvas_physical=1700x1470 selected=1000 preview=false revision=6
render_frame interval_ms=34.843292 canvas_physical=1700x1470 selected=1000 preview=false revision=6
render_frame interval_ms=34.428750 canvas_physical=1700x1470 selected=1000 preview=false revision=6
render_frame interval_ms=353.630666 canvas_physical=1700x1470 selected=1000 preview=false revision=6
render_frame interval_ms=1.241292 canvas_physical=1700x1470 selected=1000 preview=false revision=6
render_frame interval_ms=0.822667 canvas_physical=1700x1470 selected=1000 preview=false revision=6
render_frame interval_ms=98.351375 canvas_physical=1700x1470 selected=1000 preview=false revision=6
render_frame interval_ms=0.840791 canvas_physical=1700x1470 selected=1000 preview=false revision=6
render_frame interval_ms=45.022917 canvas_physical=1700x1470 selected=1000 preview=false revision=6
render_frame interval_ms=70.015542 canvas_physical=1700x1470 selected=1000 preview=false revision=6
render_frame interval_ms=20.519583 canvas_physical=1700x1470 selected=1000 preview=false revision=6
render_frame interval_ms=35.131917 canvas_physical=1700x1470 selected=1000 preview=false revision=6
render_frame interval_ms=55.126125 canvas_physical=1700x1470 selected=1000 preview=false revision=6
render_frame interval_ms=44.338500 canvas_physical=1700x1470 selected=1000 preview=false revision=6
render_frame interval_ms=45.886500 canvas_physical=1700x1470 selected=1000 preview=false revision=6
render_frame interval_ms=388.619708 canvas_physical=1700x1470 selected=1000 preview=false revision=6
render_frame interval_ms=0.932875 canvas_physical=1700x1470 selected=1000 preview=false revision=6
render_frame interval_ms=0.474333 canvas_physical=1700x1470 selected=1000 preview=false revision=6
render_frame interval_ms=102.331417 canvas_physical=1700x1470 selected=1000 preview=false revision=6
render_frame interval_ms=35.607750 canvas_physical=1700x1470 selected=1000 preview=false revision=6
render_frame interval_ms=0.789458 canvas_physical=1700x1470 selected=1000 preview=false revision=6
render_frame interval_ms=54.443042 canvas_physical=1700x1470 selected=1000 preview=false revision=6
render_frame interval_ms=55.517167 canvas_physical=1700x1470 selected=1000 preview=false revision=6
render_frame interval_ms=49.098541 canvas_physical=1700x1470 selected=1000 preview=false revision=6
render_frame interval_ms=27.414917 canvas_physical=1700x1470 selected=1000 preview=false revision=6
render_frame interval_ms=49.022542 canvas_physical=1700x1470 selected=1000 preview=false revision=6
render_frame interval_ms=367.019625 canvas_physical=1700x1470 selected=1000 preview=false revision=6
render_frame interval_ms=0.854208 canvas_physical=1700x1470 selected=1000 preview=false revision=6
render_frame interval_ms=0.583667 canvas_physical=1700x1470 selected=1000 preview=false revision=6
render_frame interval_ms=102.658208 canvas_physical=1700x1470 selected=1000 preview=false revision=6
render_frame interval_ms=0.663083 canvas_physical=1700x1470 selected=1000 preview=false revision=6
render_frame interval_ms=55.244500 canvas_physical=1700x1470 selected=1000 preview=false revision=6
render_frame interval_ms=63.841459 canvas_physical=1700x1470 selected=1000 preview=false revision=6
render_frame interval_ms=1.517875 canvas_physical=1700x1470 selected=1000 preview=false revision=6
render_frame interval_ms=59.542750 canvas_physical=1700x1470 selected=1000 preview=false revision=6
render_frame interval_ms=35.104625 canvas_physical=1700x1470 selected=1000 preview=false revision=6
render_frame interval_ms=76.235791 canvas_physical=1700x1470 selected=1000 preview=false revision=6
render_frame interval_ms=29422.355542 canvas_physical=1700x1470 selected=1000 preview=false revision=6
render_frame interval_ms=3.210750 canvas_physical=1700x1470 selected=1000 preview=false revision=6
render_frame interval_ms=1.995750 canvas_physical=1700x1470 selected=1000 preview=false revision=6
render_frame interval_ms=71.199042 canvas_physical=1700x1470 selected=1000 preview=false revision=6
render_frame interval_ms=26.928416 canvas_physical=1700x1470 selected=1000 preview=false revision=6
render_frame interval_ms=42.011125 canvas_physical=1700x1470 selected=1000 preview=false revision=6
render_frame interval_ms=19331.265000 canvas_physical=1700x1470 selected=1000 preview=false revision=6
